Date,Open,High,Low,Close,Adj Close,Volume
27/3/2015,2.818,2.818,2.772,2.775,2.775,483
29/3/2015,null,null,null,null,null,null
30/3/2015,2.7655,2.796,2.7645,2.7875,2.7875,714
31/3/2015,2.763,2.784,2.7465,2.747,2.747,671
1/4/2015,2.7495,2.759,2.721,2.7565,2.7565,401
2/4/2015,2.734,2.75,2.734,2.748,2.748,550
5/4/2015,null,null,null,null,null,null
6/4/2015,2.81,2.81,2.7095,2.732,2.732,306
7/4/2015,2.77,2.788,2.7675,2.777,2.777,191
8/4/2015,2.762,2.7685,2.742,2.7485,2.7485,232
9/4/2015,2.735,2.7695,2.735,2.745,2.745,295
10/4/2015,2.7505,2.7895,2.75,2.7505,2.7505,182
12/4/2015,null,null,null,null,null,null
13/4/2015,2.7475,2.756,2.735,2.737,2.737,212
14/4/2015,2.704,2.722,2.6975,2.7195,2.7195,308
15/4/2015,2.715,2.742,2.692,2.7295,2.7295,347
16/4/2015,2.7625,2.7985,2.76,2.7855,2.7855,288
17/4/2015,2.7895,2.8175,2.772,2.7835,2.7835,338
19/4/2015,null,null,null,null,null,null
20/4/2015,2.7845,2.7845,2.725,2.7355,2.7355,776
21/4/2015,2.7275,2.7325,2.695,2.705,2.705,743
22/4/2015,2.6955,2.6955,2.6675,2.6695,2.6695,328
23/4/2015,2.6675,2.698,2.6655,2.698,2.698,168
24/4/2015,2.7405,2.752,2.7405,2.752,2.752,173
26/4/2015,null,null,null,null,null,null
27/4/2015,2.7595,2.7855,2.7595,2.774,2.774,328
28/4/2015,2.765,2.7905,2.764,2.78,2.78,529
29/4/2015,2.78,2.7995,2.7545,2.795,2.795,24423
30/4/2015,2.7885,2.8895,2.786,2.8865,2.8865,7289
1/5/2015,2.8845,2.94,2.8845,2.9315,2.9315,2373
3/5/2015,null,null,null,null,null,null
4/5/2015,2.913,2.9285,2.895,2.924,2.924,1072
5/5/2015,2.918,2.953,2.9065,2.94,2.94,581
6/5/2015,2.935,2.942,2.9145,2.9325,2.9325,509
7/5/2015,2.932,2.9355,2.913,2.926,2.926,816
8/5/2015,2.9275,2.937,2.8965,2.931,2.931,585
10/5/2015,null,null,null,null,null,null
11/5/2015,2.9385,2.9385,2.908,2.9175,2.9175,689
12/5/2015,2.9175,2.959,2.9175,2.9505,2.9505,737
13/5/2015,2.9475,2.961,2.9345,2.95,2.95,386
14/5/2015,2.9375,2.959,2.93,2.946,2.946,779
15/5/2015,2.94,2.953,2.9225,2.949,2.949,266
17/5/2015,null,null,null,null,null,null
18/5/2015,2.955,2.955,2.9185,2.93,2.93,437
19/5/2015,2.923,2.923,2.85,2.8615,2.8615,637
20/5/2015,2.85,2.859,2.844,2.8515,2.8515,593
21/5/2015,2.8535,2.88,2.8535,2.871,2.871,545
22/5/2015,2.8525,2.8525,2.815,2.8335,2.8335,365
24/5/2015,null,null,null,null,null,null
26/5/2015,2.829,2.8535,2.811,2.8535,2.8535,541
27/5/2015,2.8415,2.8415,2.805,2.816,2.816,1167
28/5/2015,2.7825,2.8005,2.78,2.793,2.793,683
29/5/2015,2.7935,2.803,2.754,2.7595,2.7595,604
31/5/2015,null,null,null,null,null,null
1/6/2015,2.7635,2.765,2.7355,2.741,2.741,427
2/6/2015,2.7355,2.761,2.7355,2.758,2.758,339
3/6/2015,2.7615,2.7625,2.7465,2.7505,2.7505,294
4/6/2015,2.7285,2.735,2.707,2.7155,2.7155,271
5/6/2015,2.7105,2.725,2.7085,2.722,2.722,265
7/6/2015,null,null,null,null,null,null
8/6/2015,2.7265,2.7295,2.716,2.716,2.716,294
9/6/2015,2.7355,2.752,2.733,2.7405,2.7405,352
10/6/2015,2.747,2.7735,2.747,2.7715,2.7715,351
11/6/2015,2.716,2.7225,2.6875,2.693,2.693,231
12/6/2015,2.686,2.701,2.6855,2.6995,2.6995,319
14/6/2015,null,null,null,null,null,null
15/6/2015,2.68,2.68,2.653,2.659,2.659,329
16/6/2015,2.6325,2.641,2.624,2.6265,2.6265,622
17/6/2015,2.625,2.6435,2.618,2.623,2.623,313
18/6/2015,2.6525,2.659,2.6195,2.6285,2.6285,265
19/6/2015,2.625,2.625,2.5875,2.592,2.592,258
21/6/2015,null,null,null,null,null,null
22/6/2015,2.593,2.594,2.583,2.588,2.588,271
23/6/2015,2.593,2.646,2.593,2.634,2.634,189
24/6/2015,2.65,2.6665,2.646,2.6465,2.6465,197
25/6/2015,2.642,2.651,2.642,2.6455,2.6455,197
26/6/2015,2.645,2.649,2.632,2.645,2.645,263
28/6/2015,null,null,null,null,null,null
29/6/2015,2.6375,2.66,2.6215,2.6385,2.6385,28592
30/6/2015,2.638,2.646,2.5945,2.6235,2.6235,6773
1/7/2015,2.6225,2.642,2.615,2.6355,2.6355,1984
2/7/2015,2.6395,2.645,2.628,2.6345,2.6345,942
5/7/2015,null,null,null,null,null,null
6/7/2015,2.6025,2.6025,2.51,2.543,2.543,630
7/7/2015,2.5445,2.5445,2.39,2.451,2.451,1396
8/7/2015,2.462,2.5195,2.41,2.504,2.504,919
9/7/2015,2.5,2.5945,2.5,2.558,2.558,664
10/7/2015,2.56,2.56,2.5365,2.5455,2.5455,660
12/7/2015,null,null,null,null,null,null
13/7/2015,2.5475,2.56,2.507,2.5555,2.5555,966
14/7/2015,2.5515,2.5515,2.5285,2.5445,2.5445,561
15/7/2015,2.57,2.57,2.511,2.5305,2.5305,412
16/7/2015,2.523,2.549,2.52,2.5315,2.5315,646
17/7/2015,2.535,2.537,2.495,2.5045,2.5045,458
19/7/2015,null,null,null,null,null,null
20/7/2015,2.49,2.4945,2.475,2.484,2.484,390
21/7/2015,2.511,2.5115,2.4775,2.4775,2.4775,894
22/7/2015,2.45,2.45,2.4315,2.4315,2.4315,481
23/7/2015,2.41,2.43,2.3625,2.3855,2.3855,378
24/7/2015,2.3665,2.386,2.3665,2.3815,2.3815,598
26/7/2015,null,null,null,null,null,null
27/7/2015,2.3835,2.384,2.342,2.3505,2.3505,474
28/7/2015,2.348,2.4085,2.348,2.403,2.403,499
29/7/2015,2.41,2.41,2.403,2.408,2.408,565
30/7/2015,2.4185,2.4185,2.361,2.3815,2.3815,543
31/7/2015,2.3685,2.386,2.3545,2.3675,2.3675,1104
2/8/2015,null,null,null,null,null,null
3/8/2015,2.35,2.36,2.33,2.3475,2.3475,749
4/8/2015,2.34,2.3705,2.34,2.365,2.365,964
5/8/2015,2.3525,2.359,2.3525,2.353,2.353,383
6/8/2015,2.356,2.3635,2.3455,2.348,2.348,585
7/8/2015,2.3365,2.3465,2.3335,2.3415,2.3415,480
9/8/2015,null,null,null,null,null,null
10/8/2015,2.348,2.4155,2.348,2.4075,2.4075,276
11/8/2015,2.3355,2.3455,2.3295,2.341,2.341,282
12/8/2015,2.31,2.365,2.31,2.3605,2.3605,342
13/8/2015,2.3835,2.393,2.3635,2.3655,2.3655,288
14/8/2015,2.362,2.364,2.3525,2.364,2.364,275
16/8/2015,null,null,null,null,null,null
17/8/2015,2.3205,2.3375,2.3205,2.3325,2.3325,361
18/8/2015,2.295,2.297,2.2805,2.297,2.297,282
19/8/2015,2.29,2.29,2.2705,2.283,2.283,300
20/8/2015,2.318,2.329,2.3105,2.323,2.323,317
21/8/2015,2.314,2.3155,2.3,2.307,2.307,258
23/8/2015,null,null,null,null,null,null
24/8/2015,2.271,2.2725,2.2275,2.269,2.269,360
25/8/2015,2.265,2.323,2.265,2.323,2.323,346
26/8/2015,2.302,2.302,2.251,2.251,2.251,371
27/8/2015,2.299,2.334,2.299,2.334,2.334,315
28/8/2015,2.3355,2.368,2.309,2.3465,2.3465,38198
30/8/2015,null,null,null,null,null,null
31/8/2015,2.337,2.3425,2.294,2.338,2.338,8234
1/9/2015,2.3355,2.3385,2.29,2.3025,2.3025,2156
2/9/2015,2.2945,2.3435,2.2915,2.333,2.333,1129
3/9/2015,2.336,2.4205,2.336,2.39,2.39,1093
4/9/2015,2.37,2.37,2.3195,2.3195,2.3195,897
6/9/2015,null,null,null,null,null,null
8/9/2015,2.326,2.451,2.326,2.4385,2.4385,596
9/9/2015,2.434,2.472,2.4275,2.4425,2.4425,1304
10/9/2015,2.43,2.473,2.43,2.4545,2.4545,476
11/9/2015,2.4635,2.4675,2.4305,2.462,2.462,553
13/9/2015,null,null,null,null,null,null
14/9/2015,2.4425,2.444,2.409,2.414,2.414,507
15/9/2015,2.42,2.4375,2.406,2.436,2.436,488
16/9/2015,2.43,2.466,2.43,2.4615,2.4615,455
17/9/2015,2.463,2.5,2.447,2.4615,2.4615,498
18/9/2015,2.4695,2.4695,2.3855,2.397,2.397,362
20/9/2015,null,null,null,null,null,null
21/9/2015,2.3855,2.413,2.3845,2.3985,2.3985,595
22/9/2015,2.39,2.39,2.2975,2.307,2.307,329
23/9/2015,2.3025,2.322,2.3,2.3055,2.3055,594
24/9/2015,2.316,2.316,2.29,2.312,2.312,347
25/9/2015,2.309,2.3235,2.284,2.2915,2.2915,664
27/9/2015,null,null,null,null,null,null
28/9/2015,2.29,2.29,2.2455,2.256,2.256,408
29/9/2015,2.2405,2.266,2.2405,2.2535,2.2535,487
30/9/2015,2.263,2.3535,2.263,2.3455,2.3455,603
1/10/2015,2.3415,2.38,2.305,2.3075,2.3075,539
2/10/2015,2.3005,2.349,2.2805,2.3295,2.3295,422
4/10/2015,null,null,null,null,null,null
5/10/2015,2.3545,2.374,2.3415,2.36,2.36,207
6/10/2015,2.3565,2.375,2.356,2.359,2.359,254
7/10/2015,2.3635,2.4,2.3625,2.3715,2.3715,253
8/10/2015,2.3705,2.3705,2.3265,2.347,2.347,262
9/10/2015,2.3515,2.4305,2.3515,2.417,2.417,384
11/10/2015,null,null,null,null,null,null
12/10/2015,2.435,2.435,2.414,2.4195,2.4195,233
13/10/2015,2.397,2.411,2.3865,2.3915,2.3915,237
14/10/2015,2.403,2.4245,2.403,2.42,2.42,306
15/10/2015,2.423,2.4355,2.4095,2.426,2.426,244
16/10/2015,2.4325,2.4325,2.3955,2.407,2.407,285
18/10/2015,null,null,null,null,null,null
19/10/2015,2.3965,2.3965,2.365,2.3715,2.3715,253
20/10/2015,2.364,2.376,2.364,2.3695,2.3695,229
21/10/2015,2.35,2.364,2.335,2.364,2.364,298
22/10/2015,2.363,2.405,2.363,2.3845,2.3845,234
23/10/2015,2.3765,2.3785,2.35,2.35,2.35,216
25/10/2015,null,null,null,null,null,null
26/10/2015,2.35,2.3625,2.35,2.3565,2.3565,373
27/10/2015,2.3705,2.3755,2.358,2.358,2.358,259
28/10/2015,2.346,2.3545,2.327,2.3545,2.3545,353
29/10/2015,2.334,2.3365,2.315,2.3155,2.3155,615
30/10/2015,2.3215,2.3215,2.305,2.3135,2.3135,439
1/11/2015,null,null,null,null,null,null
2/11/2015,2.2905,2.3155,2.2905,2.3155,2.3155,346
3/11/2015,2.3085,2.338,2.2995,2.327,2.327,651
4/11/2015,2.3365,2.3415,2.3155,2.3195,2.3195,408
5/11/2015,2.28,2.2805,2.251,2.2535,2.2535,392
6/11/2015,2.264,2.264,2.24,2.2415,2.2415,523
8/11/2015,null,null,null,null,null,null
9/11/2015,2.238,2.2395,2.23,2.23,2.23,329
10/11/2015,2.217,2.219,2.209,2.2165,2.2165,332
11/11/2015,2.213,2.221,2.213,2.2165,2.2165,246
12/11/2015,2.2,2.2,2.164,2.173,2.173,279
13/11/2015,2.1655,2.17,2.163,2.17,2.17,311
15/11/2015,null,null,null,null,null,null
16/11/2015,2.16,2.1695,2.116,2.118,2.118,442
17/11/2015,2.1205,2.1205,2.098,2.1055,2.1055,306
18/11/2015,2.0885,2.0905,2.075,2.078,2.078,275
19/11/2015,2.0795,2.08,2.0725,2.0765,2.0765,277
20/11/2015,2.0945,2.0945,2.041,2.054,2.054,296
22/11/2015,null,null,null,null,null,null
23/11/2015,2.013,2.02,2.0045,2.0195,2.0195,270
24/11/2015,2.023,2.067,2.023,2.0535,2.0535,291
25/11/2015,2.045,2.0455,2.0395,2.0445,2.0445,361
27/11/2015,2.044,2.123,2.038,2.0505,2.0505,47591
29/11/2015,null,null,null,null,null,null
30/11/2015,2.0625,2.0745,2.0325,2.0445,2.0445,20906
1/12/2015,2.044,2.0775,2.04,2.0665,2.0665,3748
2/12/2015,2.0705,2.083,2.0285,2.029,2.029,1713
3/12/2015,2.0375,2.0565,2.025,2.056,2.056,887
4/12/2015,2.054,2.092,2.04,2.074,2.074,665
6/12/2015,null,null,null,null,null,null
7/12/2015,2.073,2.0845,2.038,2.0445,2.0445,610
8/12/2015,2.039,2.0625,2.037,2.048,2.048,628
9/12/2015,2.053,2.0835,2.052,2.06,2.06,381
10/12/2015,2.058,2.067,2.052,2.065,2.065,574
11/12/2015,2.058,2.125,2.058,2.108,2.108,325
13/12/2015,null,null,null,null,null,null
14/12/2015,2.1055,2.1055,2.0845,2.104,2.104,633
15/12/2015,2.0975,2.0975,2.041,2.051,2.051,371
16/12/2015,2.0575,2.0815,2.0565,2.061,2.061,489
17/12/2015,2.04,2.04,2.0285,2.0345,2.0345,645
18/12/2015,2.0465,2.1035,2.0465,2.103,2.103,405
20/12/2015,null,null,null,null,null,null
21/12/2015,2.1025,2.1295,2.1025,2.129,2.129,597
22/12/2015,2.1065,2.1115,2.097,2.097,2.097,347
23/12/2015,2.098,2.1165,2.098,2.1115,2.1115,341
24/12/2015,2.109,2.1115,2.105,2.1115,2.1115,329
27/12/2015,null,null,null,null,null,null
28/12/2015,2.1,2.1,2.0665,2.0665,2.0665,188
29/12/2015,2.1265,2.1345,2.125,2.125,2.125,418
30/12/2015,2.13,2.1385,2.1195,2.137,2.137,989
31/12/2015,2.138,2.14,2.1115,2.1255,2.1255,640
3/1/2016,null,null,null,null,null,null
4/1/2016,2.0705,2.086,2.063,2.0705,2.0705,312
5/1/2016,2.0735,2.097,2.0735,2.0885,2.0885,1080
6/1/2016,2.079,2.083,2.071,2.0805,2.0805,321
7/1/2016,2.06,2.06,1.9925,2.0155,2.0155,523
8/1/2016,2.0185,2.0185,2.009,2.0165,2.0165,413
10/1/2016,null,null,null,null,null,null
11/1/2016,1.9765,1.978,1.9655,1.9675,1.9675,352
12/1/2016,1.962,1.9625,1.9505,1.953,1.953,411
13/1/2016,1.9525,1.9665,1.9495,1.9505,1.9505,686
14/1/2016,1.96,1.9845,1.96,1.971,1.971,386
15/1/2016,1.973,1.973,1.9385,1.9395,1.9395,420
17/1/2016,null,null,null,null,null,null
18/1/2016,null,null,null,null,null,null
19/1/2016,1.9365,1.9925,1.9365,1.9735,1.9735,502
20/1/2016,1.961,1.9865,1.952,1.956,1.956,398
21/1/2016,1.973,1.994,1.969,1.993,1.993,269
22/1/2016,2.0075,2.018,1.9985,1.9985,1.9985,215
24/1/2016,null,null,null,null,null,null
25/1/2016,2.009,2.0095,1.9845,1.9955,1.9955,154
26/1/2016,2.032,2.0405,2.0225,2.034,2.034,433
27/1/2016,2.041,2.073,2.041,2.063,2.063,353
28/1/2016,2.06,2.06,2.039,2.049,2.049,573
29/1/2016,2.051,2.064,2.048,2.064,2.064,508
31/1/2016,null,null,null,null,null,null
1/2/2016,2.03,2.0585,2.027,2.0515,2.0515,218
2/2/2016,2.0545,2.063,2.0415,2.052,2.052,342
3/2/2016,2.079,2.0995,2.079,2.092,2.092,501
4/2/2016,2.1175,2.1335,2.104,2.128,2.128,231
5/2/2016,2.1075,2.1075,2.0845,2.1005,2.1005,435
7/2/2016,null,null,null,null,null,null
8/2/2016,2.0785,2.0935,2.0785,2.0885,2.0885,317
9/2/2016,2.084,2.09,2.0155,2.0385,2.0385,220
10/2/2016,2.024,2.026,2.003,2.025,2.025,328
11/2/2016,2.009,2.0215,1.9995,2.004,2.004,227
12/2/2016,2.0105,2.0365,2.0105,2.027,2.027,393
14/2/2016,null,null,null,null,null,null
15/2/2016,null,null,null,null,null,null
16/2/2016,2.0475,2.0815,2.046,2.049,2.049,223
17/2/2016,2.0435,2.074,2.04,2.074,2.074,312
18/2/2016,2.073,2.0765,2.0545,2.0715,2.0715,342
19/2/2016,2.072,2.0835,2.0715,2.0755,2.0755,321
21/2/2016,null,null,null,null,null,null
22/2/2016,2.097,2.1185,2.097,2.113,2.113,292
23/2/2016,2.091,2.1055,2.09,2.1045,2.1045,336
24/2/2016,2.0815,2.116,2.0725,2.095,2.095,210
25/2/2016,2.098,2.098,2.065,2.065,2.065,238
26/2/2016,2.0785,2.1565,2.0765,2.118,2.118,33184
28/2/2016,null,null,null,null,null,null
29/2/2016,2.1215,2.1285,2.0965,2.1285,2.1285,13171
1/3/2016,2.1225,2.144,2.094,2.1415,2.1415,3035
2/3/2016,2.1415,2.1955,2.1405,2.1775,2.1775,706
3/3/2016,2.182,2.215,2.175,2.2045,2.2045,1543
4/3/2016,2.2085,2.3,2.2085,2.271,2.271,664
6/3/2016,null,null,null,null,null,null
7/3/2016,2.267,2.2805,2.2485,2.2805,2.2805,1079
8/3/2016,2.2715,2.2715,2.2045,2.2185,2.2185,522
9/3/2016,2.2365,2.2475,2.206,2.23,2.23,777
10/3/2016,2.2375,2.238,2.208,2.2175,2.2175,392
11/3/2016,2.24,2.25,2.2335,2.2385,2.2385,375
13/3/2016,null,null,null,null,null,null
14/3/2016,2.2625,2.2625,2.231,2.237,2.237,410
15/3/2016,2.205,2.2335,2.205,2.231,2.231,420
16/3/2016,2.2315,2.2585,2.223,2.2315,2.2315,445
17/3/2016,2.2625,2.2915,2.257,2.289,2.289,280
18/3/2016,2.3,2.3145,2.278,2.2795,2.2795,247
20/3/2016,null,null,null,null,null,null
21/3/2016,2.2785,2.2945,2.2785,2.2895,2.2895,272
22/3/2016,2.279,2.289,2.272,2.2845,2.2845,186
23/3/2016,2.271,2.2725,2.2305,2.2305,2.2305,296
24/3/2016,2.225,2.2325,2.21,2.2245,2.2245,431
27/3/2016,null,null,null,null,null,null
28/3/2016,2.226,2.2485,2.2255,2.2415,2.2415,500
29/3/2016,2.2075,2.2155,2.198,2.2085,2.2085,415
30/3/2016,2.2125,2.2125,2.1795,2.187,2.187,405
31/3/2016,2.186,2.1955,2.1755,2.1815,2.1815,677
1/4/2016,2.184,2.184,2.158,2.161,2.161,509
3/4/2016,null,null,null,null,null,null
4/4/2016,2.1555,2.1575,2.1375,2.138,2.138,687
5/4/2016,2.1415,2.1415,2.1335,2.135,2.135,311
6/4/2016,2.131,2.144,2.131,2.1405,2.1405,287
7/4/2016,2.1415,2.1415,2.0705,2.0745,2.0745,246
8/4/2016,2.0845,2.0945,2.0845,2.0865,2.0865,371
10/4/2016,null,null,null,null,null,null
11/4/2016,2.1015,2.1015,2.075,2.0885,2.0885,415
12/4/2016,2.0935,2.151,2.0935,2.145,2.145,242
13/4/2016,2.1735,2.174,2.166,2.1675,2.1675,252
14/4/2016,2.1585,2.1725,2.1585,2.171,2.171,330
15/4/2016,2.145,2.154,2.145,2.152,2.152,303
17/4/2016,null,null,null,null,null,null
18/4/2016,2.141,2.168,2.141,2.164,2.164,264
19/4/2016,2.1655,2.2255,2.1655,2.223,2.223,218
20/4/2016,2.21,2.242,2.21,2.242,2.242,244
21/4/2016,2.274,2.274,2.25,2.252,2.252,267
22/4/2016,2.289,2.2925,2.269,2.269,2.269,276
24/4/2016,null,null,null,null,null,null
25/4/2016,2.265,2.2725,2.2585,2.2585,2.2585,369
26/4/2016,2.237,2.263,2.235,2.2485,2.2485,437
27/4/2016,2.237,2.237,2.2135,2.2205,2.2205,456
28/4/2016,2.226,2.24,2.2015,2.2245,2.2245,34932
29/4/2016,2.218,2.2915,2.218,2.279,2.279,9800
1/5/2016,null,null,null,null,null,null
2/5/2016,2.2675,2.285,2.2545,2.2615,2.2615,2527
3/5/2016,2.2555,2.2565,2.208,2.2145,2.2145,646
4/5/2016,2.207,2.217,2.177,2.183,2.183,712
5/5/2016,2.1805,2.1805,2.141,2.151,2.151,963
6/5/2016,2.1425,2.1645,2.14,2.151,2.151,1170
8/5/2016,null,null,null,null,null,null
9/5/2016,2.147,2.147,2.097,2.104,2.104,498
10/5/2016,2.105,2.11,2.0895,2.09,2.09,597
11/5/2016,2.1,2.124,2.0925,2.101,2.101,796
12/5/2016,2.098,2.12,2.06,2.073,2.073,387
13/5/2016,2.076,2.0845,2.065,2.075,2.075,861
15/5/2016,null,null,null,null,null,null
16/5/2016,2.0715,2.099,2.0715,2.091,2.091,1099
17/5/2016,2.0985,2.0985,2.075,2.092,2.092,397
18/5/2016,2.097,2.0975,2.052,2.0815,2.0815,447
19/5/2016,2.0665,2.0685,2.0415,2.063,2.063,396
20/5/2016,2.078,2.0805,2.055,2.0585,2.0585,451
22/5/2016,null,null,null,null,null,null
23/5/2016,2.061,2.0635,2.0525,2.0575,2.0575,380
24/5/2016,2.065,2.083,2.065,2.0695,2.0695,320
25/5/2016,2.09,2.1095,2.08,2.105,2.105,356
26/5/2016,2.118,2.118,2.1055,2.1065,2.1065,366
27/5/2016,2.0905,2.1215,2.0905,2.114,2.114,732
29/5/2016,null,null,null,null,null,null
31/5/2016,2.0975,2.114,2.078,2.0975,2.0975,613
1/6/2016,2.0655,2.074,2.0575,2.0725,2.0725,587
2/6/2016,2.064,2.074,2.064,2.0695,2.0695,769
3/6/2016,2.067,2.132,2.0645,2.112,2.112,296
5/6/2016,null,null,null,null,null,null
6/6/2016,2.14,2.14,2.1125,2.117,2.117,577
7/6/2016,2.1215,2.1215,2.05,2.051,2.051,274
8/6/2016,2.07,2.07,2.0625,2.0625,2.0625,524
9/6/2016,2.0745,2.0795,2.0205,2.04,2.04,222
10/6/2016,2.034,2.037,2.0255,2.0315,2.0315,316
12/6/2016,null,null,null,null,null,null
13/6/2016,2.065,2.065,2.055,2.0575,2.0575,300
14/6/2016,2.0435,2.052,2.039,2.0445,2.0445,499
15/6/2016,2.0695,2.1155,2.0695,2.0935,2.0935,247
16/6/2016,2.066,2.066,2.043,2.05,2.05,226
17/6/2016,2.075,2.075,2.0525,2.0525,2.0525,251
19/6/2016,null,null,null,null,null,null
20/6/2016,2.0815,2.097,2.08,2.0935,2.0935,216
21/6/2016,2.079,2.1285,2.079,2.1165,2.1165,230
22/6/2016,2.141,2.141,2.1315,2.1355,2.1355,278
23/6/2016,2.1425,2.1665,2.1325,2.1635,2.1635,242
24/6/2016,2.114,2.122,2.1095,2.112,2.112,335
26/6/2016,null,null,null,null,null,null
27/6/2016,2.1245,2.128,2.115,2.1265,2.1265,236
28/6/2016,2.1745,2.176,2.1265,2.17,2.17,364
29/6/2016,2.1795,2.194,2.158,2.1835,2.1835,36288
30/6/2016,2.191,2.2045,2.1725,2.1945,2.1945,7536
1/7/2016,2.201,2.2345,2.1665,2.215,2.215,1764
3/7/2016,null,null,null,null,null,null
5/7/2016,2.229,2.2455,2.1615,2.1815,2.1815,2021
6/7/2016,2.1805,2.183,2.1315,2.1515,2.1515,1353
7/7/2016,2.1445,2.151,2.116,2.1225,2.1225,1122
8/7/2016,2.1225,2.133,2.117,2.1185,2.1185,893
10/7/2016,null,null,null,null,null,null
11/7/2016,2.1405,2.163,2.1405,2.147,2.147,320
12/7/2016,2.146,2.221,2.146,2.211,2.211,548
13/7/2016,2.216,2.2735,2.2145,2.238,2.238,462
14/7/2016,2.237,2.2465,2.2315,2.241,2.241,816
15/7/2016,2.235,2.2605,2.23,2.2305,2.2305,417
17/7/2016,null,null,null,null,null,null
18/7/2016,2.2165,2.2415,2.2085,2.234,2.234,275
19/7/2016,2.239,2.262,2.234,2.2615,2.2615,388
20/7/2016,2.2575,2.2585,2.239,2.252,2.252,1035
21/7/2016,2.2485,2.266,2.2485,2.256,2.256,371
22/7/2016,2.2615,2.262,2.2255,2.234,2.234,355
24/7/2016,null,null,null,null,null,null
25/7/2016,2.24,2.2405,2.2095,2.216,2.216,317
26/7/2016,2.212,2.2295,2.212,2.225,2.225,331
27/7/2016,2.211,2.2145,2.185,2.185,2.185,270
28/7/2016,2.2045,2.22,2.198,2.206,2.206,714
29/7/2016,2.199,2.2285,2.189,2.2205,2.2205,319
31/7/2016,null,null,null,null,null,null
1/8/2016,2.239,2.239,2.19,2.1965,2.1965,234
2/8/2016,2.192,2.235,2.192,2.2065,2.2065,563
3/8/2016,2.204,2.204,2.175,2.196,2.196,443
4/8/2016,2.1665,2.1755,2.1555,2.174,2.174,385
5/8/2016,2.1735,2.174,2.152,2.153,2.153,355
7/8/2016,null,null,null,null,null,null
8/8/2016,2.155,2.1775,2.155,2.164,2.164,226
9/8/2016,2.161,2.161,2.14,2.1495,2.1495,239
10/8/2016,2.151,2.195,2.151,2.1705,2.1705,227
11/8/2016,2.181,2.192,2.181,2.19,2.19,245
12/8/2016,2.1525,2.157,2.1385,2.1405,2.1405,237
14/8/2016,null,null,null,null,null,null
15/8/2016,2.1415,2.1545,2.1385,2.1515,2.1515,264
16/8/2016,2.155,2.1735,2.155,2.172,2.172,241
17/8/2016,2.159,2.159,2.152,2.152,2.152,217
18/8/2016,2.1585,2.1875,2.1585,2.167,2.167,307
19/8/2016,2.1655,2.1735,2.1655,2.1665,2.1665,305
21/8/2016,null,null,null,null,null,null
22/8/2016,2.1635,2.1635,2.13,2.14,2.14,307
23/8/2016,2.127,2.1315,2.114,2.115,2.115,311
24/8/2016,2.1175,2.118,2.076,2.076,2.076,340
25/8/2016,2.0815,2.083,2.0755,2.0755,2.0755,297
26/8/2016,2.077,2.077,2.075,2.075,2.075,275
28/8/2016,null,null,null,null,null,null
29/8/2016,2.081,2.081,2.0725,2.0725,2.0725,197
30/8/2016,2.0805,2.089,2.063,2.069,2.069,19596
31/8/2016,2.0695,2.0825,2.0675,2.0695,2.0695,9506
1/9/2016,2.072,2.09,2.0675,2.0685,2.0685,1634
2/9/2016,2.0765,2.0855,2.0685,2.0715,2.0715,982
4/9/2016,null,null,null,null,null,null
6/9/2016,2.074,2.092,2.0695,2.084,2.084,573
7/9/2016,2.087,2.106,2.087,2.093,2.093,800
8/9/2016,2.101,2.101,2.08,2.096,2.096,478
9/9/2016,2.097,2.0975,2.082,2.0885,2.0885,429
11/9/2016,null,null,null,null,null,null
12/9/2016,2.08,2.103,2.061,2.096,2.096,662
13/9/2016,2.098,2.111,2.0885,2.0955,2.0955,357
14/9/2016,2.105,2.15,2.102,2.148,2.148,474
15/9/2016,2.1465,2.156,2.1415,2.152,2.152,815
16/9/2016,2.1545,2.155,2.1435,2.1515,2.1515,1067
18/9/2016,null,null,null,null,null,null
19/9/2016,2.137,2.149,2.137,2.149,2.149,418
20/9/2016,2.148,2.1605,2.144,2.1555,2.1555,550
21/9/2016,2.148,2.1565,2.145,2.145,2.145,505
22/9/2016,2.167,2.19,2.167,2.1875,2.1875,484
23/9/2016,2.1885,2.196,2.1885,2.1925,2.1925,793
25/9/2016,null,null,null,null,null,null
26/9/2016,2.18,2.19,2.1785,2.19,2.19,723
27/9/2016,2.174,2.185,2.1605,2.1615,2.1615,745
28/9/2016,2.178,2.1795,2.178,2.1795,2.1795,506
29/9/2016,2.1945,2.196,2.176,2.181,2.181,830
30/9/2016,2.2,2.209,2.196,2.202,2.202,1123
2/10/2016,null,null,null,null,null,null
3/10/2016,2.187,2.187,2.1655,2.1835,2.1835,744
4/10/2016,2.165,2.1795,2.1585,2.1585,2.1585,666
5/10/2016,2.155,2.1695,2.155,2.156,2.156,338
6/10/2016,2.1475,2.149,2.14,2.148,2.148,338
7/10/2016,2.1665,2.1665,2.156,2.1565,2.1565,223
9/10/2016,null,null,null,null,null,null
11/10/2016,2.1905,2.1905,2.1695,2.1785,2.1785,359
12/10/2016,2.1765,2.183,2.168,2.1695,2.1695,475
13/10/2016,2.153,2.153,2.114,2.115,2.115,191
14/10/2016,2.1195,2.1205,2.096,2.1035,2.1035,422
16/10/2016,null,null,null,null,null,null
17/10/2016,2.0995,2.105,2.096,2.0995,2.0995,191
18/10/2016,2.1085,2.1085,2.098,2.098,2.098,279
19/10/2016,2.098,2.1,2.0835,2.097,2.097,342
20/10/2016,2.08,2.091,2.08,2.0905,2.0905,281
21/10/2016,2.0905,2.0915,2.0835,2.0835,2.0835,188
23/10/2016,null,null,null,null,null,null
24/10/2016,2.089,2.089,2.0875,2.0875,2.0875,183
25/10/2016,2.115,2.1395,2.115,2.1325,2.1325,250
26/10/2016,2.133,2.1395,2.1325,2.1395,2.1395,420
27/10/2016,2.1545,2.167,2.152,2.1655,2.1655,235
28/10/2016,2.164,2.1935,2.164,2.1885,2.1885,684
30/10/2016,null,null,null,null,null,null
31/10/2016,2.1895,2.206,2.1895,2.2005,2.2005,420
1/11/2016,2.205,2.2265,2.1995,2.2245,2.2245,311
2/11/2016,2.2235,2.228,2.2115,2.226,2.226,380
3/11/2016,2.216,2.245,2.215,2.2445,2.2445,332
4/11/2016,2.248,2.262,2.248,2.261,2.261,279
6/11/2016,null,null,null,null,null,null
7/11/2016,2.2895,2.309,2.2815,2.3065,2.3065,355
8/11/2016,2.3005,2.379,2.2905,2.379,2.379,271
9/11/2016,2.4365,2.459,2.4365,2.459,2.459,294
10/11/2016,2.562,2.564,2.5185,2.5495,2.5495,221
13/11/2016,null,null,null,null,null,null
14/11/2016,2.563,2.568,2.5085,2.5185,2.5185,440
15/11/2016,2.561,2.561,2.462,2.502,2.502,256
16/11/2016,2.5,2.5,2.445,2.465,2.465,204
17/11/2016,2.47,2.4905,2.4625,2.4875,2.4875,170
18/11/2016,2.455,2.483,2.453,2.464,2.464,309
20/11/2016,null,null,null,null,null,null
21/11/2016,2.5185,2.524,2.501,2.5125,2.5125,319
22/11/2016,2.5575,2.5575,2.535,2.5425,2.5425,293
23/11/2016,2.5315,2.6085,2.5315,2.606,2.606,248
25/11/2016,2.6555,2.667,2.6455,2.667,2.667,409
27/11/2016,null,null,null,null,null,null
28/11/2016,2.6635,2.722,2.656,2.656,2.656,270
29/11/2016,2.6515,2.662,2.5735,2.595,2.595,79408
30/11/2016,2.5885,2.643,2.54,2.6215,2.6215,15879
1/12/2016,2.6255,2.656,2.6035,2.6315,2.6315,2019
2/12/2016,2.6175,2.6245,2.587,2.615,2.615,966
4/12/2016,null,null,null,null,null,null
5/12/2016,2.61,2.701,2.61,2.689,2.689,766
6/12/2016,2.6755,2.6875,2.6435,2.672,2.672,532
7/12/2016,2.66,2.693,2.6215,2.637,2.637,1022
8/12/2016,2.63,2.661,2.61,2.62,2.62,856
9/12/2016,2.6405,2.6545,2.6265,2.642,2.642,692
11/12/2016,null,null,null,null,null,null
12/12/2016,2.6735,2.6735,2.5995,2.613,2.613,552
13/12/2016,2.592,2.6225,2.561,2.593,2.593,605
14/12/2016,2.5865,2.6355,2.5665,2.6,2.6,769
15/12/2016,2.595,2.602,2.575,2.596,2.596,739
16/12/2016,2.58,2.5825,2.539,2.561,2.561,461
18/12/2016,null,null,null,null,null,null
19/12/2016,2.546,2.5525,2.475,2.4965,2.4965,631
20/12/2016,2.494,2.4995,2.481,2.4995,2.4995,382
21/12/2016,2.5095,2.5095,2.49,2.4915,2.4915,603
22/12/2016,2.4905,2.503,2.455,2.4945,2.4945,232
23/12/2016,2.496,2.501,2.472,2.4725,2.4725,434
25/12/2016,null,null,null,null,null,null
27/12/2016,2.45,2.513,2.45,2.508,2.508,443
28/12/2016,2.5225,2.5225,2.494,2.495,2.495,303
29/12/2016,2.498,2.509,2.479,2.479,2.479,300
30/12/2016,2.4925,2.5065,2.4925,2.4975,2.4975,663
1/1/2017,null,null,null,null,null,null
3/1/2017,2.527,2.5275,2.48,2.481,2.481,507
4/1/2017,2.497,2.5495,2.497,2.548,2.548,590
5/1/2017,2.554,2.5725,2.527,2.5295,2.5295,742
6/1/2017,2.5175,2.538,2.505,2.538,2.538,306
8/1/2017,null,null,null,null,null,null
9/1/2017,2.534,2.542,2.515,2.53,2.53,340
10/1/2017,2.562,2.6135,2.562,2.6035,2.6035,236
11/1/2017,2.6045,2.6045,2.5905,2.601,2.601,607
12/1/2017,2.597,2.6605,2.597,2.6605,2.6605,417
13/1/2017,2.6415,2.6805,2.641,2.6805,2.6805,215
15/1/2017,null,null,null,null,null,null
17/1/2017,2.6745,2.6745,2.602,2.6165,2.6165,226
18/1/2017,2.618,2.618,2.6015,2.608,2.608,286
19/1/2017,2.606,2.606,2.595,2.6015,2.6015,422
20/1/2017,2.61,2.62,2.593,2.617,2.617,193
22/1/2017,null,null,null,null,null,null
23/1/2017,2.6385,2.6395,2.6355,2.6395,2.6395,786
24/1/2017,2.679,2.702,2.679,2.7005,2.7005,244
25/1/2017,2.6955,2.7085,2.6955,2.7025,2.7025,1134
26/1/2017,2.6985,2.6985,2.66,2.666,2.666,207
27/1/2017,2.6705,2.68,2.658,2.68,2.68,323
29/1/2017,null,null,null,null,null,null
30/1/2017,2.681,2.682,2.6365,2.6475,2.6475,985
31/1/2017,2.658,2.7215,2.658,2.7215,2.7215,771
1/2/2017,2.718,2.718,2.703,2.7045,2.7045,595
2/2/2017,2.714,2.714,2.665,2.678,2.678,691
3/2/2017,2.6455,2.6455,2.607,2.6095,2.6095,526
5/2/2017,null,null,null,null,null,null
6/2/2017,2.615,2.6455,2.615,2.6455,2.6455,428
7/2/2017,2.634,2.6415,2.626,2.626,2.626,260
8/2/2017,2.6735,2.6735,2.6605,2.6605,2.6605,677
9/2/2017,2.648,2.648,2.648,2.648,2.648,330
10/2/2017,2.677,2.77,2.664,2.762,2.762,316
12/2/2017,null,null,null,null,null,null
13/2/2017,2.7765,2.7765,2.7765,2.7765,2.7765,382
14/2/2017,2.756,2.76,2.731,2.731,2.731,405
15/2/2017,2.72,2.739,2.72,2.736,2.736,711
16/2/2017,2.705,2.717,2.701,2.716,2.716,1085
17/2/2017,2.685,2.7055,2.682,2.7055,2.7055,414
19/2/2017,null,null,null,null,null,null
21/2/2017,2.7355,2.75,2.7355,2.7455,2.7455,268
22/2/2017,2.72,2.7325,2.72,2.7325,2.7325,231
23/2/2017,2.722,2.722,2.6415,2.6425,2.6425,174
24/2/2017,2.661,2.682,2.661,2.68,2.68,159
26/2/2017,null,null,null,null,null,null
27/2/2017,2.673,2.691,2.652,2.6875,2.6875,51025
28/2/2017,2.683,2.7105,2.669,2.704,2.704,14418
1/3/2017,2.705,2.755,2.703,2.7265,2.7265,1739
2/3/2017,2.724,2.729,2.673,2.6795,2.6795,1180
3/3/2017,2.678,2.698,2.67,2.687,2.687,778
5/3/2017,null,null,null,null,null,null
6/3/2017,2.689,2.689,2.639,2.643,2.643,625
7/3/2017,2.6545,2.6545,2.5965,2.6095,2.6095,840
8/3/2017,2.606,2.6235,2.583,2.592,2.592,1728
9/3/2017,2.576,2.5835,2.55,2.57,2.57,890
10/3/2017,2.5665,2.5985,2.5665,2.5865,2.5865,834
12/3/2017,null,null,null,null,null,null
13/3/2017,2.59,2.6275,2.5885,2.6165,2.6165,637
14/3/2017,2.6115,2.635,2.6,2.624,2.624,390
15/3/2017,2.652,2.666,2.641,2.6455,2.6455,379
16/3/2017,2.6755,2.683,2.662,2.6655,2.6655,320
17/3/2017,2.66,2.683,2.648,2.6795,2.6795,397
19/3/2017,null,null,null,null,null,null
20/3/2017,2.679,2.679,2.645,2.6555,2.6555,295
21/3/2017,2.642,2.642,2.5975,2.61,2.61,370
22/3/2017,2.6,2.627,2.582,2.622,2.622,550
23/3/2017,2.622,2.643,2.6095,2.6365,2.6365,435
24/3/2017,2.63,2.6335,2.6135,2.6235,2.6235,388
26/3/2017,null,null,null,null,null,null
27/3/2017,2.596,2.626,2.562,2.625,2.625,388
28/3/2017,2.6225,2.669,2.6215,2.669,2.669,434
29/3/2017,2.6675,2.6735,2.6545,2.67,2.67,357
30/3/2017,2.6675,2.708,2.6565,2.665,2.665,451
31/3/2017,2.6715,2.6715,2.6345,2.6465,2.6465,650
2/4/2017,null,null,null,null,null,null
3/4/2017,2.6415,2.653,2.5975,2.5975,2.5975,631
4/4/2017,2.59,2.608,2.59,2.606,2.606,557
5/4/2017,2.64,2.687,2.64,2.6755,2.6755,327
6/4/2017,2.6585,2.682,2.648,2.6555,2.6555,430
7/4/2017,2.625,2.6455,2.606,2.645,2.645,415
9/4/2017,null,null,null,null,null,null
10/4/2017,2.638,2.638,2.6,2.602,2.602,363
11/4/2017,2.607,2.6075,2.584,2.606,2.606,517
12/4/2017,2.583,2.583,2.536,2.544,2.544,404
13/4/2017,2.565,2.573,2.565,2.5695,2.5695,293
16/4/2017,null,null,null,null,null,null
17/4/2017,2.5855,2.599,2.585,2.595,2.595,211
18/4/2017,2.5845,2.5845,2.5205,2.529,2.529,173
19/4/2017,2.5495,2.5495,2.5335,2.5335,2.5335,216
20/4/2017,2.5265,2.541,2.5265,2.541,2.541,279
21/4/2017,2.5315,2.541,2.5315,2.5365,2.5365,491
23/4/2017,null,null,null,null,null,null
24/4/2017,2.535,2.5535,2.535,2.5535,2.5535,284
25/4/2017,2.5725,2.586,2.5725,2.582,2.582,520
26/4/2017,2.59,2.591,2.5795,2.591,2.591,269
27/4/2017,2.5905,2.5905,2.5535,2.58,2.58,53314
28/4/2017,2.5835,2.6015,2.5775,2.5965,2.5965,18997
30/4/2017,null,null,null,null,null,null
1/5/2017,2.5875,2.68,2.5855,2.65,2.65,2959
2/5/2017,2.6505,2.6505,2.6155,2.625,2.625,1631
3/5/2017,2.6175,2.6175,2.506,2.533,2.533,1072
4/5/2017,2.512,2.527,2.48,2.502,2.502,1012
5/5/2017,2.5015,2.527,2.4955,2.5195,2.5195,783
7/5/2017,null,null,null,null,null,null
8/5/2017,2.535,2.535,2.47,2.4855,2.4855,521
9/5/2017,2.4825,2.502,2.48,2.49,2.49,606
10/5/2017,2.493,2.5,2.484,2.487,2.487,647
11/5/2017,2.4925,2.534,2.4925,2.501,2.501,392
12/5/2017,2.508,2.5205,2.505,2.518,2.518,414
14/5/2017,null,null,null,null,null,null
15/5/2017,2.5335,2.547,2.5315,2.533,2.533,343
16/5/2017,2.521,2.5465,2.5155,2.5445,2.5445,601
17/5/2017,2.5355,2.544,2.5275,2.5425,2.5425,351
18/5/2017,2.52,2.531,2.488,2.5265,2.5265,740
19/5/2017,2.5435,2.5765,2.5435,2.574,2.574,587
21/5/2017,null,null,null,null,null,null
22/5/2017,2.565,2.595,2.5635,2.589,2.589,809
23/5/2017,2.576,2.5905,2.5755,2.5905,2.5905,313
24/5/2017,2.584,2.584,2.567,2.578,2.578,973
25/5/2017,2.5765,2.61,2.5765,2.592,2.592,510
26/5/2017,2.5805,2.581,2.5565,2.5595,2.5595,772
28/5/2017,null,null,null,null,null,null
30/5/2017,2.551,2.566,2.544,2.561,2.561,393
31/5/2017,2.5675,2.5815,2.5545,2.577,2.577,720
1/6/2017,2.5765,2.5875,2.5755,2.5845,2.5845,516
2/6/2017,2.5555,2.5745,2.531,2.5715,2.5715,645
4/6/2017,null,null,null,null,null,null
5/6/2017,2.5565,2.5575,2.55,2.5545,2.5545,362
6/6/2017,2.535,2.558,2.518,2.5445,2.5445,322
7/6/2017,2.546,2.55,2.535,2.549,2.549,294
8/6/2017,2.55,2.6095,2.545,2.607,2.607,253
9/6/2017,2.623,2.647,2.616,2.646,2.646,308
11/6/2017,null,null,null,null,null,null
12/6/2017,2.622,2.625,2.611,2.6125,2.6125,247
13/6/2017,2.6205,2.6205,2.5865,2.593,2.593,274
14/6/2017,2.58,2.58,2.5625,2.5705,2.5705,278
15/6/2017,2.57,2.57,2.555,2.564,2.564,479
16/6/2017,2.557,2.567,2.557,2.5625,2.5625,524
18/6/2017,null,null,null,null,null,null
19/6/2017,2.5895,2.5895,2.5875,2.5895,2.5895,492
20/6/2017,2.5865,2.5865,2.555,2.555,2.555,265
21/6/2017,2.54,2.602,2.54,2.602,2.602,450
22/6/2017,2.599,2.599,2.594,2.598,2.598,251
23/6/2017,2.6345,2.6345,2.622,2.623,2.623,318
25/6/2017,null,null,null,null,null,null
26/6/2017,2.622,2.627,2.617,2.625,2.625,231
27/6/2017,2.617,2.6465,2.617,2.6465,2.6465,315
28/6/2017,2.6505,2.662,2.6485,2.662,2.662,205
29/6/2017,2.6605,2.7005,2.656,2.683,2.683,36325
30/6/2017,2.6845,2.706,2.671,2.699,2.699,9143
2/7/2017,null,null,null,null,null,null
3/7/2017,null,null,null,null,null,null
5/7/2017,2.6755,2.676,2.633,2.649,2.649,1563
6/7/2017,2.65,2.6555,2.6425,2.6515,2.6515,980
7/7/2017,2.657,2.657,2.6325,2.6375,2.6375,593
9/7/2017,null,null,null,null,null,null
10/7/2017,2.642,2.6485,2.6235,2.6395,2.6395,556
11/7/2017,2.638,2.668,2.635,2.6645,2.6645,903
12/7/2017,2.67,2.6865,2.6675,2.677,2.677,763
13/7/2017,2.685,2.688,2.654,2.6545,2.6545,503
14/7/2017,2.6575,2.6865,2.6575,2.684,2.684,568
16/7/2017,null,null,null,null,null,null
17/7/2017,2.6955,2.727,2.6955,2.717,2.717,448
18/7/2017,2.7105,2.724,2.7105,2.7235,2.7235,538
19/7/2017,2.725,2.7255,2.7,2.703,2.703,468
20/7/2017,2.7045,2.709,2.7025,2.7085,2.7085,433
21/7/2017,2.73,2.735,2.715,2.715,2.715,367
23/7/2017,null,null,null,null,null,null
24/7/2017,2.7205,2.736,2.7205,2.729,2.729,293
25/7/2017,2.7345,2.8405,2.7275,2.8405,2.8405,615
26/7/2017,2.83,2.8815,2.83,2.869,2.869,941
27/7/2017,2.8925,2.893,2.87,2.874,2.874,970
28/7/2017,2.864,2.875,2.849,2.8705,2.8705,427
30/7/2017,null,null,null,null,null,null
31/7/2017,2.893,2.9,2.8865,2.888,2.888,523
1/8/2017,2.8905,2.8905,2.8745,2.879,2.879,436
2/8/2017,2.876,2.8845,2.871,2.8825,2.8825,584
3/8/2017,2.8795,2.8795,2.8725,2.877,2.877,409
4/8/2017,2.874,2.887,2.8675,2.885,2.885,296
6/8/2017,null,null,null,null,null,null
7/8/2017,2.8885,2.9145,2.8885,2.908,2.908,296
8/8/2017,2.908,2.9425,2.908,2.9425,2.9425,321
9/8/2017,2.9345,2.943,2.92,2.93,2.93,314
10/8/2017,2.9235,2.9235,2.9,2.906,2.906,471
11/8/2017,2.89,2.914,2.88,2.914,2.914,374
13/8/2017,null,null,null,null,null,null
14/8/2017,2.901,2.9065,2.89,2.9065,2.9065,288
15/8/2017,2.902,2.902,2.8795,2.8845,2.8845,295
16/8/2017,2.885,2.968,2.885,2.9545,2.9545,424
17/8/2017,2.9615,2.963,2.93,2.938,2.938,278
18/8/2017,2.9295,2.952,2.929,2.9405,2.9405,222
20/8/2017,null,null,null,null,null,null
21/8/2017,2.963,3.0025,2.963,2.981,2.981,286
22/8/2017,2.97,3.009,2.97,2.9865,2.9865,188
23/8/2017,2.969,2.9845,2.969,2.9805,2.9805,374
24/8/2017,2.986,3.0385,2.986,3.0335,3.0335,178
25/8/2017,3.037,3.0535,3.0275,3.033,3.033,227
27/8/2017,null,null,null,null,null,null
28/8/2017,3.071,3.0765,3.065,3.065,3.065,163
29/8/2017,3.0825,3.0935,3.0795,3.081,3.081,532
30/8/2017,3.081,3.094,3.06,3.0645,3.0645,66287
31/8/2017,3.065,3.114,3.0645,3.079,3.079,66287
1/9/2017,3.087,3.1025,3.073,3.098,3.098,15355
3/9/2017,null,null,null,null,null,null
5/9/2017,3.0985,3.158,3.093,3.1075,3.1075,4346
6/9/2017,3.1075,3.1385,3.1075,3.1315,3.1315,1756
7/9/2017,3.136,3.136,3.095,3.123,3.123,845
8/9/2017,3.1275,3.138,3.0185,3.0215,3.0215,1525
10/9/2017,null,null,null,null,null,null
11/9/2017,3.0255,3.061,3.0225,3.046,3.046,1623
12/9/2017,3.0525,3.0525,3.0005,3.0155,3.0155,969
13/9/2017,3.0195,3.024,2.951,2.961,2.961,1306
14/9/2017,2.957,2.9685,2.918,2.9365,2.9365,819
15/9/2017,2.946,2.948,2.91,2.928,2.928,1241
17/9/2017,null,null,null,null,null,null
18/9/2017,2.9605,2.9605,2.942,2.949,2.949,1111
19/9/2017,2.947,2.9545,2.9405,2.9495,2.9495,1051
20/9/2017,2.9565,2.9665,2.936,2.9495,2.9495,709
21/9/2017,2.9205,2.928,2.909,2.914,2.914,1322
22/9/2017,2.9015,2.93,2.875,2.9245,2.9245,501
24/9/2017,null,null,null,null,null,null
25/9/2017,2.927,2.937,2.9065,2.9175,2.9175,572
26/9/2017,2.918,2.9445,2.89,2.8975,2.8975,584
27/9/2017,2.9165,2.9165,2.9015,2.911,2.911,1136
28/9/2017,2.9085,2.97,2.908,2.9625,2.9625,3191
29/9/2017,2.963,2.9635,2.9315,2.9375,2.9375,1232
1/10/2017,null,null,null,null,null,null
2/10/2017,2.9545,2.9545,2.9275,2.9395,2.9395,600
3/10/2017,2.938,2.9505,2.9375,2.9485,2.9485,1174
4/10/2017,2.953,2.953,2.944,2.9445,2.9445,418
5/10/2017,2.9505,3.0315,2.9505,3.0315,3.0315,365
6/10/2017,3.024,3.024,3.008,3.0145,3.0145,538
8/10/2017,null,null,null,null,null,null
9/10/2017,3.01,3.017,3.01,3.017,3.017,400
10/10/2017,3.0255,3.052,3.0215,3.0455,3.0455,413
11/10/2017,3.0425,3.083,3.0415,3.08,3.08,717
12/10/2017,3.08,3.1155,3.08,3.104,3.104,564
13/10/2017,3.104,3.1185,3.104,3.1185,3.1185,504
15/10/2017,null,null,null,null,null,null
16/10/2017,3.138,3.2275,3.138,3.224,3.224,317
17/10/2017,3.217,3.217,3.177,3.1805,3.1805,348
18/10/2017,3.1755,3.184,3.1575,3.1635,3.1635,471
19/10/2017,3.1505,3.156,3.15,3.153,3.153,538
20/10/2017,3.179,3.179,3.1325,3.1515,3.1515,414
22/10/2017,null,null,null,null,null,null
23/10/2017,3.145,3.175,3.145,3.174,3.174,370
24/10/2017,3.181,3.187,3.181,3.1865,3.1865,363
25/10/2017,3.17,3.176,3.161,3.1715,3.1715,312
26/10/2017,3.164,3.1675,3.159,3.1675,3.1675,488
27/10/2017,3.1475,3.1475,3.074,3.0935,3.0935,345
29/10/2017,null,null,null,null,null,null
30/10/2017,3.08,3.102,3.08,3.102,3.102,623
31/10/2017,3.1,3.1035,3.085,3.092,3.092,684
1/11/2017,3.138,3.141,3.1265,3.133,3.133,655
2/11/2017,3.13,3.147,3.095,3.1355,3.1355,438
3/11/2017,3.1345,3.136,3.102,3.1105,3.1105,567
5/11/2017,null,null,null,null,null,null
6/11/2017,3.149,3.153,3.144,3.1505,3.1505,354
7/11/2017,3.115,3.115,3.0785,3.0825,3.0825,271
8/11/2017,3.0925,3.0985,3.0925,3.093,3.093,381
9/11/2017,3.0775,3.0855,3.077,3.08,3.08,260
10/11/2017,3.079,3.079,3.0635,3.0695,3.0695,222
12/11/2017,null,null,null,null,null,null
13/11/2017,3.086,3.126,3.086,3.1115,3.1115,214
14/11/2017,3.103,3.103,3.045,3.06,3.06,368
15/11/2017,3.0505,3.0575,3.0335,3.049,3.049,289
16/11/2017,3.045,3.0565,3.0405,3.0435,3.0435,338
17/11/2017,3.03,3.0645,3.03,3.0625,3.0625,331
19/11/2017,null,null,null,null,null,null
20/11/2017,3.051,3.0905,3.051,3.0905,3.0905,233
21/11/2017,3.086,3.1255,3.086,3.1255,3.1255,382
22/11/2017,3.1345,3.136,3.1345,3.1345,3.1345,424
24/11/2017,null,null,null,null,null,null
26/11/2017,null,null,null,null,null,null
27/11/2017,3.131,3.134,3.131,3.1325,3.1325,193
28/11/2017,3.105,3.105,3.0685,3.0705,3.0705,245
29/11/2017,3.068,3.0835,3.0325,3.04,3.04,73600
30/11/2017,3.037,3.0635,3.0245,3.037,3.037,19125
1/12/2017,3.0445,3.0975,3.0445,3.0655,3.0655,2038
3/12/2017,null,null,null,null,null,null
4/12/2017,3.068,3.084,3.059,3.063,3.063,2053
5/12/2017,3.064,3.065,2.9205,2.9205,2.9205,886
6/12/2017,2.9285,2.9615,2.9285,2.9365,2.9365,1747
7/12/2017,2.951,2.968,2.929,2.9405,2.9405,768
8/12/2017,2.9385,2.9665,2.9385,2.955,2.955,692
10/12/2017,null,null,null,null,null,null
11/12/2017,2.9505,2.993,2.94,2.988,2.988,691
12/12/2017,2.99,3.0005,2.983,2.9995,2.9995,479
13/12/2017,2.993,3.035,2.993,3.0295,3.0295,836
14/12/2017,3.033,3.052,3.016,3.0485,3.0485,535
15/12/2017,3.042,3.1145,3.042,3.11,3.11,1029
17/12/2017,null,null,null,null,null,null
18/12/2017,3.096,3.123,3.09,3.122,3.122,560
19/12/2017,3.111,3.1295,3.092,3.1275,3.1275,618
20/12/2017,3.1195,3.177,3.1195,3.1715,3.1715,711
21/12/2017,3.1695,3.1945,3.163,3.1945,3.1945,600
22/12/2017,3.1885,3.2185,3.1845,3.2145,3.2145,977
24/12/2017,null,null,null,null,null,null
26/12/2017,3.221,3.258,3.221,3.256,3.256,946
27/12/2017,3.257,3.257,3.257,3.257,3.257,500
28/12/2017,3.2495,3.2955,3.2495,3.286,3.286,1033
29/12/2017,3.253,3.2795,3.253,3.2795,3.2795,814
31/12/2017,null,null,null,null,null,null
2/1/2018,3.251,3.267,3.2505,3.256,3.256,874
3/1/2018,3.239,3.2435,3.222,3.237,3.237,764
4/1/2018,3.263,3.263,3.236,3.2425,3.2425,328
5/1/2018,3.209,3.211,3.207,3.207,3.207,322
7/1/2018,null,null,null,null,null,null
8/1/2018,3.2055,3.214,3.2,3.201,3.201,575
9/1/2018,3.219,3.2235,3.193,3.1945,3.1945,695
10/1/2018,3.2265,3.2265,3.215,3.215,3.215,833
11/1/2018,3.215,3.2155,3.21,3.2135,3.2135,380
12/1/2018,3.2,3.2,3.2,3.2,3.2,320
14/1/2018,null,null,null,null,null,null
16/1/2018,3.2415,3.2465,3.168,3.199,3.199,321
17/1/2018,3.17,3.1715,3.16,3.1665,3.1665,1024
18/1/2018,3.18,3.18,3.177,3.177,3.177,674
19/1/2018,3.167,3.167,3.167,3.167,3.167,417
21/1/2018,null,null,null,null,null,null
22/1/2018,3.1885,3.1885,3.175,3.1775,3.1775,240
23/1/2018,3.1425,3.1425,3.0895,3.0895,3.0895,231
24/1/2018,3.153,3.2135,3.153,3.2085,3.2085,345
25/1/2018,3.2165,3.2165,3.199,3.199,3.199,323
26/1/2018,3.1745,3.1825,3.1745,3.1825,3.1825,352
28/1/2018,null,null,null,null,null,null
29/1/2018,null,null,null,null,null,null
30/1/2018,3.16,3.1865,3.15,3.177,3.177,709
31/1/2018,3.2105,3.2105,3.184,3.184,3.184,665
1/2/2018,3.18,3.2075,3.1775,3.197,3.197,803
2/2/2018,3.192,3.2055,3.163,3.1765,3.1765,893
4/2/2018,null,null,null,null,null,null
5/2/2018,3.2165,3.24,3.179,3.2105,3.2105,413
6/2/2018,3.181,3.2005,3.151,3.1775,3.1775,450
7/2/2018,3.1305,3.1305,3.0765,3.0765,3.0765,492
8/2/2018,3.078,3.089,3.056,3.072,3.072,328
9/2/2018,3.0665,3.068,3.021,3.0245,3.0245,410
11/2/2018,null,null,null,null,null,null
12/2/2018,3.045,3.0775,3.045,3.0775,3.0775,469
13/2/2018,3.0785,3.1545,3.0785,3.1545,3.1545,612
14/2/2018,3.2275,3.2285,3.2275,3.2285,3.2285,353
15/2/2018,3.2195,3.2395,3.215,3.239,3.239,412
16/2/2018,3.2495,3.2495,3.234,3.243,3.243,409
18/2/2018,null,null,null,null,null,null
20/2/2018,3.224,3.2335,3.181,3.186,3.186,404
21/2/2018,3.1795,3.2115,3.1795,3.2115,3.2115,265
22/2/2018,3.1785,3.2375,3.1785,3.2375,3.2375,300
23/2/2018,3.199,3.2085,3.1985,3.2085,3.2085,342
25/2/2018,null,null,null,null,null,null
26/2/2018,3.2035,3.2045,3.1955,3.196,3.196,290
27/2/2018,3.199,3.2095,3.1335,3.1575,3.1575,52000
28/2/2018,3.155,3.1565,3.102,3.1075,3.1075,16684
1/3/2018,3.1045,3.1215,3.0805,3.0995,3.0995,3318
2/3/2018,3.1045,3.1185,3.0875,3.101,3.101,1730
4/3/2018,null,null,null,null,null,null
5/3/2018,3.1145,3.1145,3.0735,3.1055,3.1055,1058
6/3/2018,3.1045,3.155,3.1045,3.137,3.137,1006
7/3/2018,3.1225,3.1225,3.0965,3.114,3.114,537
8/3/2018,3.098,3.098,3.0515,3.0585,3.0585,744
9/3/2018,3.058,3.1255,3.041,3.116,3.116,647
11/3/2018,null,null,null,null,null,null
12/3/2018,3.1235,3.125,3.092,3.104,3.104,750
13/3/2018,3.1005,3.1215,3.093,3.119,3.119,634
14/3/2018,3.1235,3.1705,3.123,3.14,3.14,1024
15/3/2018,3.1315,3.1445,3.092,3.111,3.111,446
16/3/2018,3.123,3.126,3.076,3.093,3.093,493
18/3/2018,null,null,null,null,null,null
19/3/2018,3.09,3.09,3.0555,3.0695,3.0695,484
20/3/2018,3.0615,3.068,3.0225,3.0255,3.0255,475
21/3/2018,3.0325,3.0685,3.01,3.0485,3.0485,718
22/3/2018,3.0485,3.0485,2.9955,3.012,3.012,989
23/3/2018,3,3.0065,2.9735,2.9845,2.9845,372
25/3/2018,null,null,null,null,null,null
26/3/2018,2.95,2.9805,2.946,2.9605,2.9605,348
27/3/2018,2.976,2.9915,2.976,2.9915,2.9915,354
28/3/2018,2.9655,2.998,2.9645,2.994,2.994,482
29/3/2018,2.99,3.036,2.99,3.019,3.019,2128
1/4/2018,null,null,null,null,null,null
2/4/2018,3.045,3.061,3.0325,3.0405,3.0405,803
3/4/2018,3.0495,3.0615,3.0405,3.058,3.058,427
4/4/2018,3.0575,3.0575,2.972,3.007,3.007,590
5/4/2018,3.051,3.071,3.044,3.0695,3.0695,955
6/4/2018,3.051,3.0545,3.035,3.054,3.054,236
8/4/2018,null,null,null,null,null,null
9/4/2018,3.061,3.072,3.0605,3.0715,3.0715,493
10/4/2018,3.088,3.1345,3.088,3.131,3.131,318
11/4/2018,3.1175,3.1175,3.1045,3.112,3.112,414
12/4/2018,3.048,3.06,3.045,3.06,3.06,422
13/4/2018,3.0645,3.0675,3.06,3.0675,3.0675,456
15/4/2018,null,null,null,null,null,null
16/4/2018,3.0685,3.1045,3.0685,3.0915,3.0915,375
17/4/2018,3.0685,3.075,3.0685,3.075,3.075,375
18/4/2018,3.1605,3.164,3.1475,3.1535,3.1535,240
19/4/2018,3.12,3.128,3.12,3.128,3.128,446
20/4/2018,3.106,3.14,3.106,3.1315,3.1315,346
22/4/2018,null,null,null,null,null,null
23/4/2018,3.085,3.108,3.085,3.108,3.108,278
24/4/2018,3.147,3.147,3.1325,3.1385,3.1385,317
25/4/2018,3.13,3.132,3.1275,3.132,3.132,293
26/4/2018,3.1255,3.1255,3.113,3.113,3.113,427
27/4/2018,3.116,3.12,3.029,3.046,3.046,60770
29/4/2018,null,null,null,null,null,null
30/4/2018,3.0515,3.0655,3.033,3.0525,3.0525,12508
1/5/2018,3.0485,3.053,2.9985,3.015,3.015,2710
2/5/2018,3.0325,3.0585,3.028,3.0475,3.0475,1485
3/5/2018,3.0445,3.094,3.041,3.059,3.059,1039
4/5/2018,3.063,3.0805,3.046,3.0655,3.0655,526
6/5/2018,null,null,null,null,null,null
7/5/2018,3.055,3.083,3.045,3.0595,3.0595,689
8/5/2018,3.058,3.0695,2.998,3.0405,3.0405,583
9/5/2018,3.033,3.0445,3.033,3.0395,3.0395,785
10/5/2018,3.043,3.094,3.043,3.0925,3.0925,510
11/5/2018,3.0915,3.1045,3.0915,3.095,3.095,761
13/5/2018,null,null,null,null,null,null
14/5/2018,3.075,3.086,3.0705,3.0785,3.0785,486
15/5/2018,3.078,3.078,3.022,3.0425,3.0425,702
16/5/2018,3.035,3.0605,3.035,3.0585,3.0585,997
17/5/2018,3.0705,3.077,3.061,3.077,3.077,687
18/5/2018,3.05,3.069,3.045,3.051,3.051,713
20/5/2018,null,null,null,null,null,null
21/5/2018,3.0605,3.09,3.0605,3.0855,3.0855,392
22/5/2018,3.1,3.133,3.1,3.119,3.119,485
23/5/2018,3.09,3.09,3.0365,3.0605,3.0605,513
24/5/2018,3.0575,3.09,3.0575,3.0855,3.0855,751
25/5/2018,3.0945,3.0945,3.065,3.067,3.067,1018
27/5/2018,null,null,null,null,null,null
29/5/2018,3.0745,3.08,3.052,3.052,3.052,398
30/5/2018,3.044,3.062,3,3.0595,3.0595,1401
31/5/2018,3.0635,3.066,3.047,3.058,3.058,1695
1/6/2018,3.0565,3.0915,3.049,3.0915,3.0915,836
3/6/2018,null,null,null,null,null,null
4/6/2018,3.102,3.13,3.0965,3.1265,3.1265,921
5/6/2018,3.1375,3.204,3.1375,3.191,3.191,360
6/6/2018,3.1985,3.2585,3.1985,3.2545,3.2545,415
7/6/2018,3.2675,3.297,3.2515,3.268,3.268,578
8/6/2018,3.246,3.2935,3.246,3.293,3.293,380
10/6/2018,null,null,null,null,null,null
11/6/2018,3.2815,3.2815,3.2445,3.2505,3.2505,415
12/6/2018,3.24,3.2425,3.24,3.2425,3.2425,643
13/6/2018,3.251,3.251,3.2455,3.248,3.248,368
14/6/2018,3.2245,3.225,3.2105,3.2165,3.2165,549
15/6/2018,3.2245,3.225,3.13,3.141,3.141,404
17/6/2018,null,null,null,null,null,null
18/6/2018,3.136,3.136,3.0925,3.1035,3.1035,489
19/6/2018,3.0435,3.061,3.0435,3.0465,3.0465,351
20/6/2018,3.044,3.0505,3.044,3.0465,3.0465,506
21/6/2018,3.0435,3.0435,3.025,3.025,3.025,382
22/6/2018,3.0295,3.0325,3.0295,3.0325,3.0325,300
24/6/2018,null,null,null,null,null,null
25/6/2018,3.0185,3.0185,2.9915,2.992,2.992,458
26/6/2018,2.9905,3,2.9905,2.997,2.997,560
27/6/2018,2.9645,2.9955,2.9645,2.9895,2.9895,451
28/6/2018,2.9775,2.981,2.93,2.9535,2.9535,55768
29/6/2018,2.951,2.9805,2.9425,2.951,2.951,10593
1/7/2018,null,null,null,null,null,null
2/7/2018,2.954,2.956,2.9085,2.9315,2.9315,4933
3/7/2018,null,null,null,null,null,null
5/7/2018,2.8585,2.8595,2.811,2.814,2.814,1330
6/7/2018,2.818,2.8195,2.7855,2.813,2.813,1052
8/7/2018,null,null,null,null,null,null
9/7/2018,2.8495,2.859,2.834,2.839,2.839,552
10/7/2018,2.811,2.83,2.81,2.8285,2.8285,875
11/7/2018,2.818,2.818,2.7145,2.7335,2.7335,499
12/7/2018,2.728,2.78,2.722,2.768,2.768,535
13/7/2018,2.775,2.7765,2.753,2.77,2.77,551
15/7/2018,null,null,null,null,null,null
16/7/2018,2.7735,2.779,2.74,2.757,2.757,681
17/7/2018,2.76,2.7735,2.7365,2.7395,2.7395,1040
18/7/2018,2.747,2.7565,2.71,2.752,2.752,651
19/7/2018,2.7555,2.7555,2.6695,2.686,2.686,663
20/7/2018,2.6795,2.7495,2.6795,2.746,2.746,885
22/7/2018,null,null,null,null,null,null
23/7/2018,2.7485,2.749,2.73,2.737,2.737,595
24/7/2018,2.7365,2.8,2.7365,2.8,2.8,779
25/7/2018,2.793,2.8435,2.793,2.806,2.806,371
26/7/2018,2.842,2.842,2.789,2.804,2.804,684
27/7/2018,2.7875,2.7875,2.7875,2.7875,2.7875,626
29/7/2018,null,null,null,null,null,null
30/7/2018,2.793,2.7955,2.75,2.779,2.779,2207
31/7/2018,2.782,2.8225,2.769,2.819,2.819,1098
1/8/2018,2.815,2.815,2.72,2.735,2.735,762
2/8/2018,2.73,2.735,2.708,2.727,2.727,801
3/8/2018,2.7,2.7535,2.7,2.7535,2.7535,616
5/8/2018,null,null,null,null,null,null
6/8/2018,2.74,2.74,2.7005,2.721,2.721,386
7/8/2018,2.741,2.741,2.741,2.741,2.741,618
8/8/2018,2.74,2.742,2.739,2.7405,2.7405,526
9/8/2018,2.798,2.798,2.754,2.7555,2.7555,437
10/8/2018,2.7465,2.7525,2.7315,2.7325,2.7325,445
12/8/2018,null,null,null,null,null,null
13/8/2018,2.713,2.7335,2.713,2.722,2.722,263
14/8/2018,2.681,2.681,2.6745,2.6755,2.6755,337
15/8/2018,2.67,2.67,2.557,2.557,2.557,827
16/8/2018,2.5815,2.624,2.5815,2.6135,2.6135,936
17/8/2018,2.6245,2.6315,2.623,2.6245,2.6245,290
19/8/2018,null,null,null,null,null,null
20/8/2018,2.658,2.6635,2.652,2.6635,2.6635,423
21/8/2018,2.6725,2.691,2.6725,2.6895,2.6895,688
22/8/2018,2.6755,2.677,2.6645,2.6685,2.6685,649
23/8/2018,2.6415,2.6555,2.641,2.6525,2.6525,572
24/8/2018,2.6485,2.7085,2.6485,2.699,2.699,797
26/8/2018,null,null,null,null,null,null
27/8/2018,2.705,2.705,2.705,2.705,2.705,260
28/8/2018,2.74,2.7425,2.7215,2.734,2.734,596
29/8/2018,2.712,2.713,2.7035,2.709,2.709,420
30/8/2018,2.708,2.7125,2.655,2.6905,2.6905,49669
31/8/2018,2.6755,2.687,2.642,2.649,2.649,20088
2/9/2018,null,null,null,null,null,null
4/9/2018,2.6355,2.6425,2.5645,2.5835,2.5835,3247
5/9/2018,2.5845,2.602,2.5815,2.5925,2.5925,1369
6/9/2018,2.608,2.647,2.608,2.6185,2.6185,789
7/9/2018,2.602,2.631,2.581,2.6035,2.6035,840
9/9/2018,null,null,null,null,null,null
10/9/2018,2.598,2.6155,2.586,2.6105,2.6105,910
11/9/2018,2.6075,2.635,2.566,2.604,2.604,943
12/9/2018,2.5995,2.667,2.5995,2.6585,2.6585,942
13/9/2018,2.6625,2.696,2.6555,2.6645,2.6645,614
14/9/2018,2.666,2.666,2.595,2.6275,2.6275,848
16/9/2018,null,null,null,null,null,null
17/9/2018,2.598,2.636,2.598,2.6335,2.6335,793
18/9/2018,2.631,2.72,2.595,2.712,2.712,607
19/9/2018,2.7225,2.723,2.7065,2.71,2.71,765
20/9/2018,2.7085,2.75,2.7015,2.721,2.721,420
21/9/2018,2.76,2.838,2.75,2.8365,2.8365,545
23/9/2018,null,null,null,null,null,null
24/9/2018,2.835,2.846,2.807,2.816,2.816,659
25/9/2018,2.772,2.8235,2.772,2.8035,2.8035,526
26/9/2018,2.8045,2.807,2.8025,2.807,2.807,1014
27/9/2018,2.7985,2.8005,2.7515,2.7645,2.7645,2012
28/9/2018,2.7695,2.7905,2.753,2.787,2.787,1923
30/9/2018,null,null,null,null,null,null
1/10/2018,2.783,2.7855,2.746,2.774,2.774,668
2/10/2018,2.7725,2.84,2.7525,2.795,2.795,904
3/10/2018,2.7965,2.8225,2.788,2.8225,2.8225,627
4/10/2018,2.8355,2.84,2.765,2.765,2.765,291
5/10/2018,2.7715,2.7715,2.7455,2.751,2.751,532
7/10/2018,null,null,null,null,null,null
8/10/2018,2.736,2.755,2.732,2.755,2.755,407
9/10/2018,2.7715,2.8035,2.742,2.795,2.795,514
10/10/2018,2.7985,2.7985,2.735,2.769,2.769,498
11/10/2018,2.735,2.797,2.715,2.797,2.797,498
12/10/2018,2.809,2.811,2.793,2.793,2.793,290
14/10/2018,null,null,null,null,null,null
15/10/2018,2.801,2.8305,2.7805,2.7805,2.7805,193
16/10/2018,2.773,2.7805,2.769,2.7705,2.7705,226
17/10/2018,2.773,2.7735,2.757,2.767,2.767,221
18/10/2018,2.7655,2.7655,2.7375,2.7375,2.7375,468
19/10/2018,2.739,2.771,2.739,2.768,2.768,270
21/10/2018,null,null,null,null,null,null
22/10/2018,2.77,2.812,2.77,2.774,2.774,519
23/10/2018,2.769,2.769,2.734,2.747,2.747,700
24/10/2018,2.7495,2.7555,2.7465,2.7465,2.7465,351
25/10/2018,2.72,2.764,2.72,2.7485,2.7485,254
26/10/2018,2.7285,2.749,2.7235,2.744,2.744,681
28/10/2018,null,null,null,null,null,null
29/10/2018,2.7625,2.7665,2.7385,2.7385,2.7385,388
30/10/2018,2.7115,2.7245,2.663,2.663,2.663,971
31/10/2018,2.665,2.6835,2.653,2.6635,2.6635,890
1/11/2018,2.6755,2.726,2.671,2.7215,2.7215,771
2/11/2018,2.72,2.803,2.72,2.803,2.803,1105
4/11/2018,null,null,null,null,null,null
5/11/2018,2.786,2.786,2.7525,2.7555,2.7555,787
6/11/2018,2.7505,2.7605,2.73,2.7305,2.7305,499
7/11/2018,2.746,2.7525,2.74,2.7525,2.7525,425
8/11/2018,2.7335,2.737,2.706,2.737,2.737,671
9/11/2018,2.73,2.73,2.6805,2.6865,2.6865,425
11/11/2018,null,null,null,null,null,null
12/11/2018,2.678,2.678,2.678,2.678,2.678,325
13/11/2018,2.72,2.72,2.68,2.687,2.687,302
14/11/2018,2.7095,2.7095,2.7095,2.7095,2.7095,701
15/11/2018,2.745,2.751,2.745,2.749,2.749,361
16/11/2018,2.804,2.804,2.793,2.804,2.804,277
18/11/2018,null,null,null,null,null,null
19/11/2018,2.78,2.8045,2.7655,2.8045,2.8045,300
20/11/2018,2.7905,2.8185,2.7665,2.7665,2.7665,681
21/11/2018,2.7565,2.7945,2.7565,2.7945,2.7945,434
23/11/2018,null,null,null,null,null,null
25/11/2018,null,null,null,null,null,null
26/11/2018,2.763,2.763,2.751,2.7585,2.7585,300
27/11/2018,2.7255,2.733,2.7105,2.7105,2.7105,244
28/11/2018,2.7365,2.796,2.736,2.796,2.796,267
29/11/2018,2.7905,2.7965,2.7685,2.778,2.778,45923
30/11/2018,2.778,2.7905,2.757,2.7775,2.7775,10656
2/12/2018,null,null,null,null,null,null
3/12/2018,2.8,2.847,2.779,2.7995,2.7995,1793
4/12/2018,2.7945,2.8105,2.74,2.7485,2.7485,1624
6/12/2018,2.759,2.759,2.705,2.7405,2.7405,1186
7/12/2018,2.761,2.762,2.7455,2.7575,2.7575,1124
9/12/2018,null,null,null,null,null,null
10/12/2018,2.7365,2.746,2.7155,2.7185,2.7185,773
11/12/2018,2.726,2.7715,2.726,2.766,2.766,529
12/12/2018,2.7615,2.7685,2.7535,2.7685,2.7685,576
13/12/2018,2.788,2.788,2.7615,2.7625,2.7625,739
14/12/2018,2.76,2.7605,2.7285,2.7605,2.7605,418
16/12/2018,null,null,null,null,null,null
17/12/2018,2.753,2.753,2.7185,2.753,2.753,813
18/12/2018,2.74,2.74,2.66,2.671,2.671,727
19/12/2018,2.686,2.7215,2.6795,2.7215,2.7215,1007
20/12/2018,2.669,2.708,2.669,2.702,2.702,466
21/12/2018,2.6905,2.696,2.6675,2.6785,2.6785,402
23/12/2018,null,null,null,null,null,null
24/12/2018,null,null,null,null,null,null
26/12/2018,2.67,2.7085,2.65,2.7085,2.7085,374
27/12/2018,2.6855,2.686,2.6675,2.6675,2.6675,346
28/12/2018,2.683,2.714,2.6735,2.679,2.679,599
30/12/2018,null,null,null,null,null,null
31/12/2018,2.673,2.673,2.6275,2.628,2.628,2189
2/1/2019,2.666,2.666,2.5995,2.625,2.625,1533
3/1/2019,2.59,2.601,2.5495,2.5705,2.5705,725
4/1/2019,2.6105,2.6515,2.6105,2.6515,2.6515,411
6/1/2019,null,null,null,null,null,null
7/1/2019,2.6445,2.646,2.641,2.641,2.641,257
8/1/2019,2.6485,2.6605,2.6375,2.6605,2.6605,363
9/1/2019,2.6565,2.6785,2.6565,2.662,2.662,398
10/1/2019,2.6545,2.6545,2.638,2.6435,2.6435,330
11/1/2019,2.652,2.6695,2.644,2.6695,2.6695,320
13/1/2019,null,null,null,null,null,null
14/1/2019,2.638,2.6455,2.6355,2.6455,2.6455,290
15/1/2019,2.66,2.67,2.649,2.6505,2.6505,381
16/1/2019,2.6755,2.6935,2.6755,2.6935,2.6935,370
17/1/2019,2.6815,2.7125,2.678,2.7,2.7,324
18/1/2019,2.704,2.741,2.704,2.741,2.741,380
20/1/2019,null,null,null,null,null,null
22/1/2019,2.7125,2.7125,2.6865,2.689,2.689,289
23/1/2019,2.6915,2.694,2.6915,2.694,2.694,360
24/1/2019,2.6825,2.6825,2.6735,2.6735,2.6735,393
25/1/2019,2.6715,2.738,2.6715,2.738,2.738,382
27/1/2019,null,null,null,null,null,null
28/1/2019,2.712,2.712,2.6875,2.6875,2.6875,372
29/1/2019,2.732,2.732,2.732,2.732,2.732,484
30/1/2019,2.7425,2.787,2.7425,2.773,2.773,299
31/1/2019,2.7795,2.798,2.7795,2.789,2.789,992
1/2/2019,2.765,2.7815,2.757,2.775,2.775,613
3/2/2019,null,null,null,null,null,null
4/2/2019,2.7655,2.8005,2.7605,2.795,2.795,978
5/2/2019,2.8045,2.8225,2.803,2.817,2.817,710
6/2/2019,2.8455,2.8455,2.8245,2.8355,2.8355,684
7/2/2019,2.8305,2.837,2.825,2.8285,2.8285,757
8/2/2019,2.8285,2.8325,2.805,2.81,2.81,779
10/2/2019,null,null,null,null,null,null
11/2/2019,2.795,2.797,2.785,2.7915,2.7915,764
12/2/2019,2.7865,2.7865,2.7595,2.7745,2.7745,404
13/2/2019,2.7735,2.778,2.7695,2.774,2.774,657
14/2/2019,2.7735,2.776,2.766,2.776,2.776,420
15/2/2019,2.802,2.82,2.789,2.8025,2.8025,371
17/2/2019,null,null,null,null,null,null
19/2/2019,2.8425,2.8815,2.8395,2.8815,2.8815,424
20/2/2019,2.904,2.93,2.904,2.93,2.93,347
21/2/2019,2.914,2.914,2.9025,2.9025,2.9025,370
22/2/2019,2.935,2.961,2.935,2.961,2.961,603
24/2/2019,null,null,null,null,null,null
25/2/2019,2.9605,2.9605,2.949,2.95,2.95,311
26/2/2019,2.954,2.954,2.944,2.944,2.944,173
27/2/2019,2.944,2.9715,2.928,2.959,2.959,54177
28/2/2019,2.968,2.968,2.9425,2.95,2.95,12839
1/3/2019,2.9465,2.978,2.9255,2.9335,2.9335,2510
3/3/2019,null,null,null,null,null,null
4/3/2019,2.9335,2.947,2.9,2.911,2.911,1431
5/3/2019,2.9195,2.9505,2.9195,2.936,2.936,832
6/3/2019,2.938,2.9435,2.918,2.9185,2.9185,970
7/3/2019,2.925,2.925,2.8965,2.9115,2.9115,990
8/3/2019,2.896,2.9025,2.877,2.894,2.894,692
10/3/2019,null,null,null,null,null,null
11/3/2019,2.894,2.9055,2.894,2.9,2.9,875
12/3/2019,2.912,2.951,2.911,2.9275,2.9275,341
13/3/2019,2.9225,2.934,2.9225,2.9335,2.9335,610
14/3/2019,2.9295,2.9295,2.88,2.8885,2.8885,570
15/3/2019,2.8855,2.9145,2.8855,2.9035,2.9035,698
17/3/2019,null,null,null,null,null,null
18/3/2019,2.919,2.9255,2.9025,2.9035,2.9035,407
19/3/2019,2.909,2.9345,2.909,2.9195,2.9195,319
20/3/2019,2.9145,2.934,2.905,2.9155,2.9155,494
21/3/2019,2.9475,2.9475,2.89,2.9,2.9,475
22/3/2019,2.89,2.89,2.835,2.836,2.836,351
24/3/2019,null,null,null,null,null,null
25/3/2019,2.8485,2.85,2.8335,2.8495,2.8495,289
26/3/2019,2.8575,2.86,2.8505,2.8505,2.8505,492
27/3/2019,2.8575,2.858,2.8575,2.858,2.858,634
28/3/2019,2.871,2.8775,2.8665,2.8685,2.8685,490
29/3/2019,2.8985,2.936,2.8985,2.936,2.936,631
31/3/2019,null,null,null,null,null,null
1/4/2019,2.94,2.9505,2.918,2.9205,2.9205,386
2/4/2019,2.926,2.926,2.9,2.904,2.904,507
3/4/2019,2.928,2.9465,2.918,2.9465,2.9465,299
4/4/2019,2.9305,2.9305,2.9085,2.9085,2.9085,390
5/4/2019,2.89,2.8925,2.8865,2.8925,2.8925,214
7/4/2019,null,null,null,null,null,null
8/4/2019,2.9125,2.932,2.9125,2.9295,2.9295,322
9/4/2019,2.951,2.954,2.9305,2.9315,2.9315,226
10/4/2019,2.9225,2.9225,2.9185,2.9225,2.9225,221
11/4/2019,2.9105,2.9105,2.886,2.886,2.886,241
12/4/2019,2.948,2.9515,2.939,2.946,2.946,255
14/4/2019,null,null,null,null,null,null
15/4/2019,2.9175,2.934,2.917,2.934,2.934,519
16/4/2019,2.937,2.937,2.9305,2.9305,2.9305,201
17/4/2019,2.9895,2.9895,2.963,2.9755,2.9755,237
18/4/2019,2.9355,2.936,2.9275,2.9275,2.9275,406
21/4/2019,null,null,null,null,null,null
22/4/2019,2.911,2.911,2.9065,2.9065,2.9065,228
23/4/2019,2.895,2.906,2.885,2.8985,2.8985,139
24/4/2019,2.906,2.922,2.906,2.9175,2.9175,287
25/4/2019,2.9215,2.9215,2.875,2.8775,2.8775,271
26/4/2019,2.97,2.97,2.97,2.97,2.97,338
28/4/2019,null,null,null,null,null,null
29/4/2019,2.8885,2.901,2.8655,2.895,2.895,48877
30/4/2019,2.8895,2.919,2.877,2.9015,2.9015,21435
1/5/2019,2.9035,2.906,2.79,2.803,2.803,2500
2/5/2019,2.8025,2.8075,2.778,2.784,2.784,1777
3/5/2019,2.7905,2.8355,2.789,2.825,2.825,871
5/5/2019,null,null,null,null,null,null
6/5/2019,2.802,2.8545,2.7545,2.837,2.837,1071
7/5/2019,2.832,2.8415,2.787,2.794,2.794,538
8/5/2019,2.799,2.815,2.772,2.7855,2.7855,983
9/5/2019,2.7755,2.784,2.746,2.7835,2.7835,734
10/5/2019,2.791,2.793,2.7705,2.785,2.785,580
12/5/2019,null,null,null,null,null,null
13/5/2019,2.77,2.771,2.7185,2.7295,2.7295,722
14/5/2019,2.7295,2.743,2.7275,2.7345,2.7345,592
15/5/2019,2.732,2.7605,2.7305,2.7535,2.7535,544
16/5/2019,2.758,2.784,2.754,2.7585,2.7585,523
17/5/2019,2.76,2.7505,2.74,2.748,2.748,332
19/5/2019,null,null,null,null,null,null
20/5/2019,2.742,2.742,2.7215,2.736,2.736,279
21/5/2019,2.737,2.739,2.716,2.7235,2.7235,416
22/5/2019,2.71,2.71,2.6775,2.686,2.686,396
23/5/2019,2.665,2.691,2.665,2.6865,2.6865,406
24/5/2019,2.697,2.714,2.697,2.7065,2.7065,351
26/5/2019,null,null,null,null,null,null
28/5/2019,2.7195,2.7195,2.701,2.7035,2.7035,245
29/5/2019,2.7005,2.7005,2.67,2.6725,2.6725,606
30/5/2019,2.672,2.675,2.6435,2.6605,2.6605,443
31/5/2019,2.64,2.6565,2.6385,2.646,2.646,704
2/6/2019,2.6305,2.6315,2.611,2.622,2.622,241869
3/6/2019,2.635,2.6605,2.63,2.6555,2.6555,409
4/6/2019,2.661,2.675,2.6465,2.6735,2.6735,537
5/6/2019,2.657,2.657,2.626,2.627,2.627,310
6/6/2019,2.6435,2.654,2.63,2.654,2.654,362
7/6/2019,2.649,2.658,2.6065,2.6305,2.6305,300
9/6/2019,2.6305,2.6445,2.6305,2.64,2.64,81324
10/6/2019,2.6615,2.6655,2.6615,2.664,2.664,303
11/6/2019,2.69,2.69,2.669,2.6755,2.6755,447
12/6/2019,2.6575,2.6645,2.6575,2.659,2.659,297
13/6/2019,2.649,2.661,2.649,2.661,2.661,398
14/6/2019,2.6405,2.641,2.6345,2.6345,2.6345,267
16/6/2019,2.633,2.639,2.632,2.6355,2.6355,72824
17/6/2019,2.643,2.654,2.638,2.651,2.651,372
18/6/2019,2.6795,2.7125,2.679,2.707,2.707,278
19/6/2019,2.6915,2.6915,2.679,2.6845,2.6845,347
20/6/2019,2.7,2.732,2.7,2.7155,2.7155,548
21/6/2019,2.706,2.7095,2.706,2.706,2.706,523
23/6/2019,2.703,2.705,2.701,2.705,2.705,28404
24/6/2019,2.693,2.7055,2.691,2.7055,2.7055,548
25/6/2019,2.7275,2.741,2.7275,2.7355,2.7355,508
26/6/2019,2.7285,2.729,2.704,2.711,2.711,358
27/6/2019,2.7125,2.7225,2.6945,2.7125,2.7125,42742
28/6/2019,2.7185,2.721,2.6985,2.7055,2.7055,17283
30/6/2019,2.75,2.757,2.729,2.7435,2.7435,262529
1/7/2019,2.738,2.746,2.671,2.6795,2.6795,3316
2/7/2019,2.6765,2.6825,2.6515,2.6575,2.6575,2143
3/7/2019,null,null,null,null,null,null
5/7/2019,2.681,2.6815,2.6505,2.6585,2.6585,759
7/7/2019,2.6695,2.677,2.664,2.6655,2.6655,38975
8/7/2019,2.655,2.6805,2.6545,2.656,2.656,431
9/7/2019,2.65,2.652,2.6135,2.6245,2.6245,582
10/7/2019,2.631,2.697,2.6295,2.693,2.693,888
11/7/2019,2.685,2.692,2.6815,2.6825,2.6825,416
12/7/2019,2.7035,2.7035,2.6745,2.6915,2.6915,799
14/7/2019,2.6975,2.698,2.694,2.694,2.694,31851
15/7/2019,2.7165,2.72,2.7025,2.7075,2.7075,728
16/7/2019,2.707,2.7275,2.6935,2.6935,2.6935,351
17/7/2019,2.6935,2.71,2.6825,2.71,2.71,714
18/7/2019,2.7,2.71,2.7,2.704,2.704,536
19/7/2019,2.73,2.793,2.73,2.7445,2.7445,443
21/7/2019,2.753,2.7535,2.743,2.747,2.747,74352
22/7/2019,2.735,2.7415,2.7145,2.7145,2.7145,599
23/7/2019,2.706,2.7175,2.684,2.694,2.694,639
24/7/2019,2.6985,2.707,2.6945,2.704,2.704,429
25/7/2019,2.697,2.7245,2.6955,2.6955,2.6955,330
26/7/2019,2.6845,2.6875,2.6765,2.6765,2.6765,367
28/7/2019,2.6905,2.696,2.69,2.6905,2.6905,25859
29/7/2019,2.692,2.7095,2.691,2.7095,2.7095,507
30/7/2019,2.7145,2.7195,2.668,2.6705,2.6705,680
31/7/2019,2.68,2.68,2.6535,2.658,2.658,1176
1/8/2019,2.6465,2.6605,2.615,2.66,2.66,1040
2/8/2019,2.5805,2.592,2.563,2.565,2.565,1362
4/8/2019,2.5605,2.575,2.56,2.569,2.569,235912
5/8/2019,2.5415,2.5505,2.537,2.537,2.537,395
6/8/2019,2.552,2.5555,2.5505,2.551,2.551,334
7/8/2019,2.56,2.583,2.5435,2.565,2.565,518
8/8/2019,2.588,2.602,2.588,2.602,2.602,371
9/8/2019,2.597,2.597,2.584,2.584,2.584,333
11/8/2019,2.5975,2.598,2.5885,2.59,2.59,206085
12/8/2019,2.58,2.58,2.5735,2.58,2.58,447
13/8/2019,2.578,2.625,2.578,2.6245,2.6245,236
14/8/2019,2.5865,2.59,2.585,2.5865,2.5865,388
15/8/2019,2.5895,2.5895,2.582,2.5895,2.5895,495
16/8/2019,2.5885,2.6,2.5885,2.59,2.59,397
18/8/2019,2.598,2.6,2.5895,2.5955,2.5955,72565
19/8/2019,2.607,2.616,2.597,2.597,2.597,368
20/8/2019,2.5875,2.5875,2.5705,2.574,2.574,338
21/8/2019,2.572,2.582,2.572,2.5815,2.5815,402
22/8/2019,2.575,2.575,2.5535,2.5535,2.5535,453
23/8/2019,2.569,2.569,2.526,2.526,2.526,394
25/8/2019,2.516,2.5165,2.491,2.504,2.504,323397
26/8/2019,2.54,2.54,2.5335,2.54,2.54,354
27/8/2019,2.553,2.553,2.5435,2.5435,2.5435,426
28/8/2019,2.557,2.5575,2.5505,2.551,2.551,436
29/8/2019,2.559,2.5815,2.541,2.5595,2.5595,56567
30/8/2019,2.56,2.563,2.5295,2.533,2.533,16954
1/9/2019,2.555,2.5555,2.534,2.5545,2.5545,56919
3/9/2019,2.5345,2.5365,2.4675,2.5125,2.5125,2202
4/9/2019,2.523,2.579,2.5225,2.579,2.579,2394
5/9/2019,2.599,2.63,2.5835,2.6245,2.6245,1139
6/9/2019,2.614,2.6245,2.602,2.6155,2.6155,890
8/9/2019,2.6315,2.6325,2.6285,2.629,2.629,33997
9/9/2019,2.6135,2.6135,2.602,2.6105,2.6105,782
10/9/2019,2.607,2.614,2.5915,2.6105,2.6105,613
11/9/2019,2.6065,2.615,2.588,2.5975,2.5975,560
12/9/2019,2.601,2.65,2.578,2.6235,2.6235,616
13/9/2019,2.6265,2.6835,2.6265,2.681,2.681,912
15/9/2019,2.6915,2.7065,2.6885,2.6925,2.6925,258620
16/9/2019,2.6525,2.656,2.62,2.621,2.621,414
17/9/2019,2.6155,2.617,2.596,2.6095,2.6095,494
18/9/2019,2.595,2.6015,2.58,2.5955,2.5955,545
19/9/2019,2.59,2.598,2.59,2.591,2.591,415
20/9/2019,2.593,2.6115,2.5695,2.59,2.59,418
22/9/2019,2.594,2.6045,2.576,2.604,2.604,71544
23/9/2019,2.576,2.5945,2.56,2.5945,2.5945,464
24/9/2019,2.605,2.606,2.5855,2.5895,2.5895,583
25/9/2019,2.587,2.5955,2.5755,2.595,2.595,563
26/9/2019,2.598,2.598,2.56,2.56,2.56,515
27/9/2019,2.562,2.596,2.562,2.583,2.583,925
29/9/2019,2.598,2.606,2.598,2.602,2.602,51767
30/9/2019,2.596,2.596,2.56,2.5645,2.5645,1424
1/10/2019,2.55,2.555,2.5085,2.552,2.552,684
2/10/2019,2.5565,2.5615,2.5425,2.5615,2.5615,897
3/10/2019,2.5645,2.57,2.538,2.5455,2.5455,422
4/10/2019,2.5325,2.5555,2.5325,2.5555,2.5555,258
6/10/2019,2.557,2.5625,2.556,2.56,2.56,104529
7/10/2019,2.562,2.584,2.562,2.572,2.572,356
8/10/2019,2.574,2.574,2.56,2.5635,2.5635,575
9/10/2019,2.5625,2.5625,2.5585,2.562,2.562,348
10/10/2019,2.546,2.6125,2.546,2.605,2.605,258
11/10/2019,2.6035,2.6225,2.6,2.6185,2.6185,389
13/10/2019,2.6275,2.6285,2.621,2.6285,2.6285,73116
14/10/2019,2.6,2.6235,2.6,2.6235,2.6235,373
15/10/2019,2.621,2.621,2.6005,2.604,2.604,322
16/10/2019,2.5765,2.5795,2.5765,2.5795,2.5795,281
17/10/2019,2.5785,2.6015,2.5785,2.587,2.587,396
18/10/2019,2.586,2.6265,2.585,2.625,2.625,411
20/10/2019,2.6395,2.6395,2.6345,2.638,2.638,43182
21/10/2019,2.633,2.6405,2.6265,2.635,2.635,355
22/10/2019,2.6315,2.6315,2.6205,2.622,2.622,390
23/10/2019,2.62,2.6625,2.619,2.6625,2.6625,359
24/10/2019,2.667,2.667,2.6555,2.659,2.659,474
25/10/2019,2.6605,2.6775,2.6605,2.6665,2.6665,450
27/10/2019,2.685,2.6865,2.6835,2.684,2.684,31044
28/10/2019,2.6725,2.675,2.6715,2.6725,2.6725,315
29/10/2019,2.671,2.6825,2.671,2.6825,2.6825,491
30/10/2019,2.685,2.6865,2.675,2.6805,2.6805,637
31/10/2019,2.6565,2.6615,2.625,2.633,2.633,780
1/11/2019,2.636,2.656,2.63,2.651,2.651,500
3/11/2019,2.6625,2.6655,2.661,2.665,2.665,32032
4/11/2019,2.6615,2.667,2.6615,2.667,2.667,875
5/11/2019,2.6975,2.7085,2.691,2.695,2.695,639
6/11/2019,2.67,2.67,2.661,2.661,2.661,586
7/11/2019,2.724,2.724,2.7185,2.724,2.724,354
8/11/2019,2.698,2.698,2.678,2.678,2.678,566
10/11/2019,2.683,2.69,2.683,2.687,2.687,19304
11/11/2019,2.675,2.675,2.66,2.66,2.66,247
12/11/2019,2.65,2.652,2.642,2.642,2.642,476
13/11/2019,2.6325,2.6365,2.63,2.6365,2.6365,361
14/11/2019,2.622,2.622,2.6175,2.6185,2.6185,535
15/11/2019,2.632,2.635,2.632,2.635,2.635,398
17/11/2019,2.637,2.6395,2.636,2.6375,2.6375,10378
18/11/2019,2.631,2.631,2.6165,2.6175,2.6175,569
19/11/2019,2.65,2.6535,2.6425,2.6535,2.6535,554
20/11/2019,2.647,2.65,2.6465,2.6465,2.6465,443
21/11/2019,2.6245,2.6275,2.621,2.621,2.621,406
22/11/2019,2.6135,2.649,2.6135,2.6475,2.6475,424
24/11/2019,2.6455,2.6475,2.644,2.6465,2.6465,7328
25/11/2019,2.6475,2.6475,2.6475,2.6475,2.6475,341
26/11/2019,2.646,2.6745,2.646,2.6745,2.6745,261
27/11/2019,2.6755,2.6905,2.6645,2.6745,2.6745,54906
29/11/2019,null,null,null,null,null,null
1/12/2019,2.662,2.6655,2.656,2.665,2.665,33707
2/12/2019,2.6425,2.658,2.6295,2.6325,2.6325,2253
3/12/2019,2.6325,2.636,2.605,2.608,2.608,907
4/12/2019,2.615,2.65,2.6105,2.644,2.644,1856
5/12/2019,2.6405,2.66,2.6405,2.6485,2.6485,655
6/12/2019,2.6665,2.7365,2.653,2.711,2.711,354
8/12/2019,2.7455,2.7455,2.741,2.7415,2.7415,63426
9/12/2019,2.7165,2.748,2.713,2.7465,2.7465,718
10/12/2019,2.75,2.757,2.746,2.7555,2.7555,988
11/12/2019,2.75,2.79,2.749,2.7825,2.7825,667
12/12/2019,2.784,2.8075,2.7605,2.7895,2.7895,791
13/12/2019,2.815,2.82,2.762,2.7805,2.7805,396
15/12/2019,2.7865,2.789,2.7835,2.7855,2.7855,31526
16/12/2019,2.7965,2.8205,2.7965,2.8205,2.8205,711
17/12/2019,2.8145,2.8225,2.812,2.8195,2.8195,905
18/12/2019,2.804,2.819,2.797,2.817,2.817,524
19/12/2019,2.82,2.8315,2.816,2.8315,2.8315,472
20/12/2019,2.8315,2.8315,2.803,2.811,2.811,446
22/12/2019,2.807,2.807,2.8015,2.807,2.807,18836
23/12/2019,2.805,2.8235,2.805,2.817,2.817,643
24/12/2019,null,null,null,null,null,null
26/12/2019,2.8545,2.867,2.8545,2.8645,2.8645,426
27/12/2019,2.855,2.855,2.82,2.8365,2.8365,451
29/12/2019,2.8255,2.828,2.8255,2.8275,2.8275,8937
30/12/2019,2.831,2.8335,2.8145,2.8275,2.8275,638
31/12/2019,2.804,2.804,2.794,2.794,2.794,1476
2/1/2020,2.8165,2.833,2.7945,2.833,2.833,420
3/1/2020,2.7935,2.7985,2.7895,2.7985,2.7985,1182
5/1/2020,2.765,2.7775,2.765,2.7705,2.7705,78765
6/1/2020,2.778,2.8005,2.778,2.8005,2.8005,321
7/1/2020,2.801,2.807,2.801,2.804,2.804,333
8/1/2020,2.787,2.819,2.7805,2.819,2.819,261
9/1/2020,2.8255,2.8255,2.801,2.8105,2.8105,394
10/1/2020,2.81,2.826,2.8015,2.8185,2.8185,208
12/1/2020,2.8055,2.8155,2.8055,2.813,2.813,33539
13/1/2020,2.862,2.862,2.8555,2.8615,2.8615,364
14/1/2020,2.8575,2.876,2.8575,2.876,2.876,247
15/1/2020,2.861,2.87,2.8485,2.87,2.87,292
16/1/2020,2.8545,2.8555,2.846,2.852,2.852,288
17/1/2020,2.857,2.8575,2.8495,2.8495,2.8495,237
19/1/2020,2.847,2.851,2.8455,2.8505,2.8505,22757
21/1/2020,2.809,2.8135,2.7985,2.7985,2.7985,298
22/1/2020,2.8005,2.803,2.767,2.767,2.767,401
23/1/2020,2.758,2.758,2.7185,2.726,2.726,309
24/1/2020,2.723,2.723,2.679,2.6855,2.6855,291
26/1/2020,2.6675,2.673,2.6305,2.636,2.636,205620
27/1/2020,2.5965,2.5965,2.5965,2.5965,2.5965,359
28/1/2020,2.584,2.5915,2.5795,2.5795,2.5795,462
29/1/2020,2.586,2.586,2.5535,2.5535,2.5535,381
30/1/2020,2.564,2.5645,2.5235,2.5235,2.5235,727
31/1/2020,2.528,2.53,2.509,2.52,2.52,830
2/2/2020,2.49,2.5185,2.4875,2.517,2.517,178142
3/2/2020,2.523,2.523,2.5085,2.513,2.513,511
4/2/2020,2.552,2.5655,2.541,2.5475,2.5475,860
5/2/2020,2.5635,2.5895,2.5635,2.579,2.579,265
6/2/2020,2.59,2.604,2.59,2.5985,2.5985,240
7/2/2020,2.561,2.563,2.555,2.559,2.559,306
9/2/2020,2.55,2.554,2.54,2.544,2.544,119635
10/2/2020,2.551,2.5665,2.551,2.5575,2.5575,236
11/2/2020,2.5875,2.5885,2.5875,2.5885,2.5885,386
12/2/2020,2.607,2.6075,2.6045,2.606,2.606,212
13/2/2020,2.62,2.62,2.6195,2.6195,2.6195,242
14/2/2020,2.609,2.6105,2.6055,2.6055,2.6055,234
16/2/2020,2.604,2.61,2.603,2.609,2.609,64111
18/2/2020,2.6295,2.63,2.6075,2.61,2.61,216
19/2/2020,2.6135,2.6135,2.598,2.6125,2.6125,408
20/2/2020,2.5945,2.595,2.5945,2.595,2.595,235
21/2/2020,2.5995,2.618,2.5995,2.618,2.618,386
23/2/2020,2.5915,2.592,2.565,2.575,2.575,162510
24/2/2020,2.605,2.605,2.5835,2.5925,2.5925,506
25/2/2020,2.5945,2.5965,2.5945,2.5965,2.5965,379
26/2/2020,2.582,2.5825,2.5765,2.5765,2.5765,414
27/2/2020,2.5665,2.582,2.522,2.569,2.569,49920131
28/2/2020,2.5575,2.567,2.514,2.5715,2.5715,2006
1/3/2020,2.536,2.537,2.501,2.5245,2.5245,155711
2/3/2020,2.536,2.6185,2.5145,2.546,2.546,729
3/3/2020,2.62,2.63,2.5615,2.601,2.601,792
4/3/2020,2.585,2.602,2.577,2.5795,2.5795,231
5/3/2020,2.588,2.5935,2.573,2.593,2.593,198
6/3/2020,2.579,2.579,2.5465,2.5825,2.5825,341
8/3/2020,2.535,2.535,2.463,2.481,2.481,972851
9/3/2020,2.542,2.542,2.4795,2.573,2.573,522
10/3/2020,2.4985,2.563,2.4985,2.524,2.524,408
11/3/2020,2.55,2.55,2.488,2.534,2.534,386
12/3/2020,2.491,2.491,2.439,2.512,2.512,575
13/3/2020,2.414,2.5315,2.412,2.4935,2.4935,73088593
15/3/2020,2.51,2.5155,2.4135,2.4375,2.4375,426125
16/3/2020,2.51,2.5155,2.335,2.464,2.464,112502
17/3/2020,2.386,2.4255,2.302,2.3925,2.3925,99919
18/3/2020,2.317,2.3415,2.111,2.3135,2.3135,102912
19/3/2020,2.1625,2.199,1.9725,2.151,2.151,98814
20/3/2020,2.1485,2.2365,2.093,2.1855,2.1855,87315
22/3/2020,2.1465,2.1465,2.055,2.0765,2.0765,406979
23/3/2020,2.0645,2.1255,2.0545,2.1155,2.1155,51455519
24/3/2020,2.126,2.2395,2.104,2.1955,2.1955,54610893
25/3/2020,2.18,2.227,2.1495,2.2,2.2,41957573
26/3/2020,2.186,2.198,2.159,2.1855,2.1855,34035849
